timeStamp,elapsed,label,responseCode,responseMessage,threadName,dataType,success,failureMessage,bytes,grpThreads,allThreads,URL,Latency,IdleTime,Connect,,Latency,Latency,Latency
1650343977237,173,HTTP Request,200,OK,Thread Group 3-1,text,true,,37675170,1,1,http://localhost:50001/calculationsStored,126,0,1,,126,153,157
1650343977512,131,HTTP Request,200,OK,Thread Group 3-1,text,true,,37675170,1,1,http://localhost:50001/calculationsStored,96,0,1,,96,117,80
1650343977745,169,HTTP Request,200,OK,Thread Group 3-1,text,true,,37675170,2,2,http://localhost:50001/calculationsStored,119,0,0,,119,123,99
1650343977848,145,HTTP Request,200,OK,Thread Group 3-2,text,true,,37675170,2,2,http://localhost:50001/calculationsStored,108,0,0,,108,75,76
1650343978015,123,HTTP Request,200,OK,Thread Group 3-1,text,true,,37675170,2,2,http://localhost:50001/calculationsStored,83,0,0,,83,130,73
1650343978099,135,HTTP Request,200,OK,Thread Group 3-2,text,true,,37675170,2,2,http://localhost:50001/calculationsStored,103,0,1,,103,74,87
1650343978255,122,HTTP Request,200,OK,Thread Group 3-1,text,true,,37675170,3,3,http://localhost:50001/calculationsStored,83,0,0,,83,125,72
1650343978334,134,HTTP Request,200,OK,Thread Group 3-2,text,true,,37675170,3,3,http://localhost:50001/calculationsStored,97,0,1,,97,173,100
1650343978438,157,HTTP Request,200,OK,Thread Group 3-3,text,true,,37675170,3,3,http://localhost:50001/calculationsStored,112,0,1,,112,129,131
1650343978478,199,HTTP Request,200,OK,Thread Group 3-1,text,true,,37675170,3,3,http://localhost:50001/calculationsStored,155,0,0,,155,81,94
1650343978570,176,HTTP Request,200,OK,Thread Group 3-2,text,true,,37675170,3,3,http://localhost:50001/calculationsStored,131,0,0,,131,157,107
1650343978702,139,HTTP Request,200,OK,Thread Group 3-3,text,true,,37675170,3,3,http://localhost:50001/calculationsStored,102,0,1,,102,173,95
1650343978787,153,HTTP Request,200,OK,Thread Group 3-1,text,true,,37675170,4,4,http://localhost:50001/calculationsStored,113,0,0,,113,130,120
1650343978858,172,HTTP Request,200,OK,Thread Group 3-2,text,true,,37675170,4,4,http://localhost:50001/calculationsStored,128,0,0,,128,184,89
1650343978942,176,HTTP Request,200,OK,Thread Group 3-3,text,true,,37675170,4,4,http://localhost:50001/calculationsStored,137,0,1,,137,278,135
1650343979047,247,HTTP Request,200,OK,Thread Group 3-1,text,true,,37675170,4,4,http://localhost:50001/calculationsStored,194,0,0,,194,252,237
1650343979041,311,HTTP Request,200,OK,Thread Group 3-4,text,true,,37675170,4,4,http://localhost:50001/calculationsStored,268,0,0,,268,240,192
1650343979225,201,HTTP Request,200,OK,Thread Group 3-3,text,true,,37675170,4,4,http://localhost:50001/calculationsStored,163,0,0,,163,233,213
1650343979131,372,HTTP Request,200,OK,Thread Group 3-2,text,true,,37675170,4,4,http://localhost:50001/calculationsStored,337,0,0,,337,208,190
1650343979396,192,HTTP Request,200,OK,Thread Group 3-1,text,true,,37675170,5,5,http://localhost:50001/calculationsStored,143,0,0,,143,187,132
1650343979527,192,HTTP Request,200,OK,Thread Group 3-3,text,true,,37675170,5,5,http://localhost:50001/calculationsStored,142,0,1,,142,209,267
1650343979456,340,HTTP Request,200,OK,Thread Group 3-4,text,true,,37675170,5,5,http://localhost:50001/calculationsStored,292,0,1,,292,240,241
1650343979604,279,HTTP Request,200,OK,Thread Group 3-2,text,true,,37675170,5,5,http://localhost:50001/calculationsStored,233,0,0,,233,294,341
1650343979689,351,HTTP Request,200,OK,Thread Group 3-1,text,true,,37675170,5,5,http://localhost:50001/calculationsStored,272,0,0,,272,340,321
1650343979650,405,HTTP Request,200,OK,Thread Group 3-5,text,true,,37675170,5,5,http://localhost:50001/calculationsStored,333,0,0,,333,265,326
1650343979820,320,HTTP Request,200,OK,Thread Group 3-3,text,true,,37675170,5,5,http://localhost:50001/calculationsStored,276,0,0,,276,435,339
1650343979984,232,HTTP Request,200,OK,Thread Group 3-2,text,true,,37675170,6,6,http://localhost:50001/calculationsStored,177,0,0,,177,321,295
1650343979901,422,HTTP Request,200,OK,Thread Group 3-4,text,true,,37675170,6,6,http://localhost:50001/calculationsStored,372,0,1,,372,318,343
1650343980158,238,HTTP Request,200,OK,Thread Group 3-5,text,true,,37675170,6,6,http://localhost:50001/calculationsStored,203,0,0,,203,306,339
1650343980142,325,HTTP Request,200,OK,Thread Group 3-1,text,true,,37675170,6,6,http://localhost:50001/calculationsStored,293,0,4,,293,289,383
1650343980242,332,HTTP Request,200,OK,Thread Group 3-6,text,true,,37675170,6,6,http://localhost:50001/calculationsStored,290,0,0,,290,298,398
1650343980242,399,HTTP Request,200,OK,Thread Group 3-3,text,true,,37675170,6,6,http://localhost:50001/calculationsStored,374,0,0,,374,333,378
1650343980322,435,HTTP Request,200,OK,Thread Group 3-2,text,true,,37675170,7,7,http://localhost:50001/calculationsStored,396,0,0,,396,394,394
1650343980427,458,HTTP Request,200,OK,Thread Group 3-4,text,true,,37675170,7,7,http://localhost:50001/calculationsStored,418,0,0,,418,462,539
1650343980498,432,HTTP Request,200,OK,Thread Group 3-5,text,true,,37675170,7,7,http://localhost:50001/calculationsStored,393,0,0,,393,510,481
1650343980574,466,HTTP Request,200,OK,Thread Group 3-1,text,true,,37675170,7,7,http://localhost:50001/calculationsStored,416,0,0,,416,460,494
1650343980674,479,HTTP Request,200,OK,Thread Group 3-6,text,true,,37675170,7,7,http://localhost:50001/calculationsStored,443,0,0,,443,393,372
1650343980745,548,HTTP Request,200,OK,Thread Group 3-3,text,true,,37675170,7,7,http://localhost:50001/calculationsStored,492,0,0,,492,460,544
1650343980985,479,HTTP Request,200,OK,Thread Group 3-4,text,true,,37675170,8,8,http://localhost:50001/calculationsStored,422,0,0,,422,483,653
1650343980858,648,HTTP Request,200,OK,Thread Group 3-2,text,true,,37675170,8,8,http://localhost:50001/calculationsStored,537,0,0,,537,646,625
1650343980838,678,HTTP Request,200,OK,Thread Group 3-7,text,true,,37675170,8,8,http://localhost:50001/calculationsStored,582,0,0,,582,359,475
1650343981038,570,HTTP Request,200,OK,Thread Group 3-5,text,true,,37675170,8,8,http://localhost:50001/calculationsStored,533,0,0,,533,575,586
1650343981141,569,HTTP Request,200,OK,Thread Group 3-1,text,true,,37675170,8,8,http://localhost:50001/calculationsStored,539,0,1,,539,506,377
1650343981395,402,HTTP Request,200,OK,Thread Group 3-3,text,true,,37675170,8,8,http://localhost:50001/calculationsStored,346,0,0,,346,621,603
1650343981438,489,HTTP Request,200,OK,Thread Group 3-8,text,true,,37675170,8,8,http://localhost:50001/calculationsStored,445,0,0,,445,450,670
1650343981258,696,HTTP Request,200,OK,Thread Group 3-6,text,true,,37675170,9,9,http://localhost:50001/calculationsStored,605,0,0,,605,623,711
1650343981564,558,HTTP Request,200,OK,Thread Group 3-4,text,true,,37675170,9,9,http://localhost:50001/calculationsStored,506,0,1,,506,544,685
1650343981612,622,HTTP Request,200,OK,Thread Group 3-2,text,true,,37675170,9,9,http://localhost:50001/calculationsStored,582,0,1,,582,625,662
1650343981711,602,HTTP Request,200,OK,Thread Group 3-5,text,true,,37675170,9,9,http://localhost:50001/calculationsStored,577,0,0,,577,558,587
1650343981906,571,HTTP Request,200,OK,Thread Group 3-3,text,true,,37675170,9,9,http://localhost:50001/calculationsStored,518,0,0,,518,554,632
1650343981616,908,HTTP Request,200,OK,Thread Group 3-7,text,true,,37675170,9,9,http://localhost:50001/calculationsStored,832,0,1,,832,825,588
1650343981810,736,HTTP Request,200,OK,Thread Group 3-1,text,true,,37675170,10,10,http://localhost:50001/calculationsStored,653,0,0,,653,760,651
1650343982030,606,HTTP Request,200,OK,Thread Group 3-8,text,true,,37675170,10,10,http://localhost:50001/calculationsStored,574,0,0,,574,697,528
1650343982055,674,HTTP Request,200,OK,Thread Group 3-6,text,true,,37675170,10,10,http://localhost:50001/calculationsStored,641,0,0,,641,623,608
1650343982038,818,HTTP Request,200,OK,Thread Group 3-9,text,true,,37675170,10,10,http://localhost:50001/calculationsStored,777,0,0,,777,680,776
1650343982334,697,HTTP Request,200,OK,Thread Group 3-2,text,true,,37675170,10,10,http://localhost:50001/calculationsStored,632,0,0,,632,919,639
1650343982416,672,HTTP Request,200,OK,Thread Group 3-5,text,true,,37675170,10,10,http://localhost:50001/calculationsStored,610,0,0,,610,683,644
1650343982224,920,HTTP Request,200,OK,Thread Group 3-4,text,true,,37675170,11,11,http://localhost:50001/calculationsStored,885,0,0,,885,712,727
1650343982625,631,HTTP Request,200,OK,Thread Group 3-7,text,true,,37675170,11,11,http://localhost:50001/calculationsStored,593,0,0,,593,615,670
1650343982578,852,HTTP Request,200,OK,Thread Group 3-3,text,true,,37675170,11,11,http://localhost:50001/calculationsStored,812,0,1,,812,914,641
1650343982639,819,HTTP Request,200,OK,Thread Group 3-10,text,true,,37675170,11,11,http://localhost:50001/calculationsStored,746,0,0,,746,669,836
1650343982831,682,HTTP Request,200,OK,Thread Group 3-6,text,true,,37675170,11,11,http://localhost:50001/calculationsStored,652,0,0,,652,1053,863
1650343982647,1042,HTTP Request,200,OK,Thread Group 3-1,text,true,,37675170,11,11,http://localhost:50001/calculationsStored,1013,0,1,,1013,927,914
1650343982957,827,HTTP Request,200,OK,Thread Group 3-9,text,true,,37675170,12,12,http://localhost:50001/calculationsStored,751,0,0,,751,782,769
1650343982737,1065,HTTP Request,200,OK,Thread Group 3-8,text,true,,37675170,12,12,http://localhost:50001/calculationsStored,1016,0,0,,1016,807,963
1650343983141,835,HTTP Request,200,OK,Thread Group 3-2,text,true,,37675170,12,12,http://localhost:50001/calculationsStored,795,0,0,,795,627,912
1650343983245,960,HTTP Request,200,OK,Thread Group 3-4,text,true,,37675170,12,12,http://localhost:50001/calculationsStored,920,0,1,,920,798,915
1650343983357,945,HTTP Request,200,OK,Thread Group 3-7,text,true,,37675170,12,12,http://localhost:50001/calculationsStored,886,0,0,,886,1039,874
1650343983188,1120,HTTP Request,200,OK,Thread Group 3-5,text,true,,37675170,12,12,http://localhost:50001/calculationsStored,1053,0,1,,1053,734,1183
1650343983242,1125,HTTP Request,200,OK,Thread Group 3-11,text,true,,37675170,13,13,http://localhost:50001/calculationsStored,1087,0,0,,1087,844,1013
1650343983842,708,HTTP Request,200,OK,Thread Group 3-12,text,true,,37675170,13,13,http://localhost:50001/calculationsStored,659,0,0,,659,1025,817
1650343983558,1033,HTTP Request,200,OK,Thread Group 3-10,text,true,,37675170,13,13,http://localhost:50001/calculationsStored,938,0,0,,938,471,943
1650343983626,1042,HTTP Request,200,OK,Thread Group 3-6,text,true,,37675170,13,13,http://localhost:50001/calculationsStored,894,0,0,,894,797,998
1650343983531,1161,HTTP Request,200,OK,Thread Group 3-3,text,true,,37675170,13,13,http://localhost:50001/calculationsStored,1034,0,0,,1034,1159,1069
1650343984077,793,HTTP Request,200,OK,Thread Group 3-2,text,true,,37675170,13,13,http://localhost:50001/calculationsStored,705,0,0,,705,911,1075
1650343983790,1082,HTTP Request,200,OK,Thread Group 3-1,text,true,,37675170,13,13,http://localhost:50001/calculationsStored,1029,0,0,,1029,1480,1061
1650343983885,1124,HTTP Request,200,OK,Thread Group 3-9,text,true,,37675170,14,14,http://localhost:50001/calculationsStored,1068,0,0,,1068,1229,811
1650343983903,1148,HTTP Request,200,OK,Thread Group 3-8,text,true,,37675170,14,14,http://localhost:50001/calculationsStored,1115,0,0,,1115,1073,995
1650343984306,858,HTTP Request,200,OK,Thread Group 3-4,text,true,,37675170,14,14,http://localhost:50001/calculationsStored,792,0,0,,792,1039,598
1650343984405,934,HTTP Request,200,OK,Thread Group 3-7,text,true,,37675170,14,14,http://localhost:50001/calculationsStored,871,0,0,,871,1110,1103
1650343984452,890,HTTP Request,200,OK,Thread Group 3-13,text,true,,37675170,14,14,http://localhost:50001/calculationsStored,834,0,0,,834,963,1491
1650343984696,760,HTTP Request,200,OK,Thread Group 3-10,text,true,,37675170,14,14,http://localhost:50001/calculationsStored,723,0,0,,723,1286,1065
1650343984650,889,HTTP Request,200,OK,Thread Group 3-12,text,true,,37675170,14,14,http://localhost:50001/calculationsStored,855,0,0,,855,883,1480
1650343984467,1127,HTTP Request,200,OK,Thread Group 3-11,text,true,,37675170,15,15,http://localhost:50001/calculationsStored,1079,0,1,,1079,1075,878
1650343984768,935,HTTP Request,200,OK,Thread Group 3-6,text,true,,37675170,15,15,http://localhost:50001/calculationsStored,872,0,0,,872,1120,1202
1650343984412,1358,HTTP Request,200,OK,Thread Group 3-5,text,true,,37675170,15,15,http://localhost:50001/calculationsStored,1325,0,0,,1325,967,1102
1650343984794,1312,HTTP Request,200,OK,Thread Group 3-3,text,true,,37675170,15,15,http://localhost:50001/calculationsStored,1265,0,0,,1265,1122,958
1650343984976,1145,HTTP Request,200,OK,Thread Group 3-1,text,true,,37675170,15,15,http://localhost:50001/calculationsStored,1064,0,0,,1064,1049,1473
1650343985110,1076,HTTP Request,200,OK,Thread Group 3-9,text,true,,37675170,16,16,http://localhost:50001/calculationsStored,1021,0,0,,1021,1072,1617
1650343985439,916,HTTP Request,200,OK,Thread Group 3-7,text,true,,37675170,16,16,http://localhost:50001/calculationsStored,877,0,0,,877,1008,1356
1650343985152,1401,HTTP Request,200,OK,Thread Group 3-8,text,true,,37675170,16,16,http://localhost:50001/calculationsStored,1324,0,1,,1324,1374,1042
1650343985054,1519,HTTP Request,200,OK,Thread Group 3-14,text,true,,37675170,16,16,http://localhost:50001/calculationsStored,1432,0,0,,1432,842,1228
1650343985641,1006,HTTP Request,200,OK,Thread Group 3-12,text,true,,37675170,16,16,http://localhost:50001/calculationsStored,960,0,0,,960,970,1308
1650343984976,1681,HTTP Request,200,OK,Thread Group 3-2,text,true,,37675170,16,16,http://localhost:50001/calculationsStored,1605,0,0,,1605,1351,1173
1650343985442,1363,HTTP Request,200,OK,Thread Group 3-13,text,true,,37675170,17,17,http://localhost:50001/calculationsStored,1294,0,0,,1294,1241,1390
1650343985263,1548,HTTP Request,200,OK,Thread Group 3-4,text,true,,37675170,17,17,http://localhost:50001/calculationsStored,1460,0,1,,1460,1093,1192
1650343985555,1372,HTTP Request,200,OK,Thread Group 3-10,text,true,,37675170,17,17,http://localhost:50001/calculationsStored,1295,0,0,,1295,1306,1112
1650343985870,1220,HTTP Request,200,OK,Thread Group 3-5,text,true,,37675170,17,17,http://localhost:50001/calculationsStored,1190,0,0,,1190,1672,915
1650343986233,945,HTTP Request,200,OK,Thread Group 3-1,text,true,,37675170,17,17,http://localhost:50001/calculationsStored,907,0,0,,907,1102,1428
1650343985647,1683,HTTP Request,200,OK,Thread Group 3-15,text,true,,37675170,17,17,http://localhost:50001/calculationsStored,1637,0,1,,1637,1517,1309
1650343985696,1682,HTTP Request,200,OK,Thread Group 3-11,text,true,,37675170,18,18,http://localhost:50001/calculationsStored,1642,0,1,,1642,1394,1258
1650343986215,1211,HTTP Request,200,OK,Thread Group 3-3,text,true,,37675170,18,18,http://localhost:50001/calculationsStored,1176,0,0,,1176,1411,1190
1650343985802,1724,HTTP Request,200,OK,Thread Group 3-6,text,true,,37675170,18,18,http://localhost:50001/calculationsStored,1692,0,0,,1692,1033,1242
1650343986242,1456,HTTP Request,200,OK,Thread Group 3-16,text,true,,37675170,18,18,http://localhost:50001/calculationsStored,1426,0,0,,1426,1032,1236
1650343986294,1485,HTTP Request,200,OK,Thread Group 3-9,text,true,,37675170,18,18,http://localhost:50001/calculationsStored,1433,0,1,,1433,1454,1355
1650343986457,1538,HTTP Request,200,OK,Thread Group 3-7,text,true,,37675170,19,19,http://localhost:50001/calculationsStored,1436,0,0,,1436,1584,1404
1650343986845,1171,HTTP Request,200,OK,Thread Group 3-17,text,true,,37675170,19,19,http://localhost:50001/calculationsStored,1120,0,1,,1120,1699,1260
1650343986749,1272,HTTP Request,200,OK,Thread Group 3-12,text,true,,37675170,19,19,http://localhost:50001/calculationsStored,1179,0,0,,1179,1269,1301
1650343986652,1582,HTTP Request,200,OK,Thread Group 3-8,text,true,,37675170,19,19,http://localhost:50001/calculationsStored,1487,0,1,,1487,1707,1691
1650343986907,1327,HTTP Request,200,OK,Thread Group 3-13,text,true,,37675170,19,19,http://localhost:50001/calculationsStored,1235,0,0,,1235,1323,1367
1650343986676,1763,HTTP Request,200,OK,Thread Group 3-14,text,true,,37675170,19,19,http://localhost:50001/calculationsStored,1717,0,0,,1717,1313,1806
1650343986912,1558,HTTP Request,200,OK,Thread Group 3-4,text,true,,37675170,19,19,http://localhost:50001/calculationsStored,1481,0,0,,1481,1702,1483
1650343986757,1795,HTTP Request,200,OK,Thread Group 3-2,text,true,,37675170,20,20,http://localhost:50001/calculationsStored,1730,0,0,,1730,1485,1356
1650343987430,1223,HTTP Request,200,OK,Thread Group 3-15,text,true,,37675170,20,20,http://localhost:50001/calculationsStored,1175,0,0,,1175,1531,1418
1650343987278,1520,HTTP Request,200,OK,Thread Group 3-1,text,true,,37675170,20,20,http://localhost:50001/calculationsStored,1480,0,1,,1480,1420,1755
1650343987190,1680,HTTP Request,200,OK,Thread Group 3-5,text,true,,37675170,20,20,http://localhost:50001/calculationsStored,1625,0,1,,1625,1602,1617
1650343987443,1435,HTTP Request,200,OK,Thread Group 3-18,text,true,,37675170,20,20,http://localhost:50001/calculationsStored,1370,0,1,,1370,1346,1532
1650343987478,1662,HTTP Request,200,OK,Thread Group 3-11,text,true,,37675170,20,20,http://localhost:50001/calculationsStored,1614,0,1,,1614,1123,1564
1650343987045,2184,HTTP Request,200,OK,Thread Group 3-10,text,true,,37675170,21,21,http://localhost:50001/calculationsStored,2152,0,0,,2152,1567,1910
1650343987526,1781,HTTP Request,200,OK,Thread Group 3-3,text,true,,37675170,21,21,http://localhost:50001/calculationsStored,1737,0,1,,1737,1935,1497
1650343987880,1543,HTTP Request,200,OK,Thread Group 3-9,text,true,,37675170,21,21,http://localhost:50001/calculationsStored,1505,0,0,,1505,1136,1642
1650343987627,1934,HTTP Request,200,OK,Thread Group 3-6,text,true,,37675170,21,21,http://localhost:50001/calculationsStored,1885,0,1,,1885,1618,1330
1650343988097,1476,HTTP Request,200,OK,Thread Group 3-7,text,true,,37675170,21,21,http://localhost:50001/calculationsStored,1392,0,0,,1392,1204,2027
1650343988057,1674,HTTP Request,200,OK,Thread Group 3-19,text,true,,37675170,21,21,http://localhost:50001/calculationsStored,1606,0,0,,1606,2131,2045
1650343988335,1434,HTTP Request,200,OK,Thread Group 3-8,text,true,,37675170,22,22,http://localhost:50001/calculationsStored,1326,0,0,,1326,1798,1850
1650343988335,1467,HTTP Request,200,OK,Thread Group 3-13,text,true,,37675170,22,22,http://localhost:50001/calculationsStored,1410,0,0,,1410,2072,1405
1650343987798,2126,HTTP Request,200,OK,Thread Group 3-16,text,true,,37675170,22,22,http://localhost:50001/calculationsStored,2084,0,1,,2084,2201,1989
1650343988117,1984,HTTP Request,200,OK,Thread Group 3-17,text,true,,37675170,22,22,http://localhost:50001/calculationsStored,1915,0,0,,1915,1088,850
1650343988121,2018,HTTP Request,200,OK,Thread Group 3-12,text,true,,37675170,22,22,http://localhost:50001/calculationsStored,1986,0,0,,1986,1855,1859
1650343988653,1676,HTTP Request,200,OK,Thread Group 3-2,text,true,,37675170,22,22,http://localhost:50001/calculationsStored,1552,0,0,,1552,1957,1758
1650343989258,1091,HTTP Request,200,OK,Thread Group 3-21,text,true,,37675170,23,23,http://localhost:50001/calculationsStored,1017,0,0,,1017,1984,1984
1650343988571,2009,HTTP Request,200,OK,Thread Group 3-4,text,true,,37675170,23,23,http://localhost:50001/calculationsStored,1959,0,0,,1959,1399,1089
1650343988546,2132,HTTP Request,200,OK,Thread Group 3-14,text,true,,37675170,23,23,http://localhost:50001/calculationsStored,2072,0,1,,2072,1642,2005
1650343988757,2021,HTTP Request,200,OK,Thread Group 3-15,text,true,,37675170,23,23,http://localhost:50001/calculationsStored,1950,0,0,,1950,1417,1364
1650343988970,1828,HTTP Request,200,OK,Thread Group 3-5,text,true,,37675170,23,23,http://localhost:50001/calculationsStored,1777,0,1,,1777,2190,2019
1650343989241,1702,HTTP Request,200,OK,Thread Group 3-11,text,true,,37675170,23,23,http://localhost:50001/calculationsStored,1660,0,0,,1660,1980,2190
1650343988647,2369,HTTP Request,200,OK,Thread Group 3-20,text,true,,37675170,24,24,http://localhost:50001/calculationsStored,2320,0,1,,2320,2735,2092
1650343989411,1629,HTTP Request,200,OK,Thread Group 3-3,text,true,,37675170,24,24,http://localhost:50001/calculationsStored,1592,0,0,,1592,2033,1412
1650343988898,2450,HTTP Request,200,OK,Thread Group 3-1,text,true,,37675170,24,24,http://localhost:50001/calculationsStored,2342,0,0,,2342,1993,2081
1650343989329,2089,HTTP Request,200,OK,Thread Group 3-10,text,true,,37675170,24,24,http://localhost:50001/calculationsStored,1973,0,0,,1973,2057,2036
1650343989857,1578,HTTP Request,200,OK,Thread Group 3-22,text,true,,37675170,24,24,http://localhost:50001/calculationsStored,1517,0,0,,1517,1582,1638
1650343989868,1696,HTTP Request,200,OK,Thread Group 3-19,text,true,,37675170,25,25,http://localhost:50001/calculationsStored,1614,0,0,,1614,1995,2373
1650343988979,2713,HTTP Request,200,OK,Thread Group 3-18,text,true,,37675170,25,25,http://localhost:50001/calculationsStored,2678,0,0,,2678,1861,1357
1650343989533,2257,HTTP Request,200,OK,Thread Group 3-9,text,true,,37675170,25,25,http://localhost:50001/calculationsStored,2204,0,0,,2204,1948,1450
1650343989661,2316,HTTP Request,200,OK,Thread Group 3-6,text,true,,37675170,25,25,http://localhost:50001/calculationsStored,2269,0,0,,2269,1566,1729
1650343990026,2006,HTTP Request,200,OK,Thread Group 3-16,text,true,,37675170,25,25,http://localhost:50001/calculationsStored,1931,0,0,,1931,1632,2135
1650343989673,2536,HTTP Request,200,OK,Thread Group 3-7,text,true,,37675170,26,26,http://localhost:50001/calculationsStored,2488,0,9,,2488,1884,2231
1650343990241,2015,HTTP Request,200,OK,Thread Group 3-12,text,true,,37675170,26,26,http://localhost:50001/calculationsStored,1932,0,0,,1932,1760,2758
1650343990445,1999,HTTP Request,200,OK,Thread Group 3-23,text,true,,37675170,26,26,http://localhost:50001/calculationsStored,1959,0,0,,1959,1769,2079
1650343990461,2023,HTTP Request,200,OK,Thread Group 3-21,text,true,,37675170,26,26,http://localhost:50001/calculationsStored,1979,0,0,,1979,1880,2462
1650343990781,1755,HTTP Request,200,OK,Thread Group 3-14,text,true,,37675170,26,26,http://localhost:50001/calculationsStored,1697,0,0,,1697,1549,1672
1650343989904,2724,HTTP Request,200,OK,Thread Group 3-13,text,true,,37675170,26,26,http://localhost:50001/calculationsStored,2676,0,0,,2676,1778,1846
1650343990429,2260,HTTP Request,200,OK,Thread Group 3-2,text,true,,37675170,26,26,http://localhost:50001/calculationsStored,2211,0,1,,2211,1800,2345
1650343989872,2987,HTTP Request,200,OK,Thread Group 3-8,text,true,,37675170,27,27,http://localhost:50001/calculationsStored,2902,0,1,,2902,2577,1813
1650343991043,1845,HTTP Request,200,OK,Thread Group 3-11,text,true,,37675170,27,27,http://localhost:50001/calculationsStored,1759,0,0,,1759,1888,1788
1650343990224,2760,HTTP Request,200,OK,Thread Group 3-17,text,true,,37675170,27,27,http://localhost:50001/calculationsStored,2724,0,2,,2724,2855,2298
1650343990878,2195,HTTP Request,200,OK,Thread Group 3-15,text,true,,37675170,27,27,http://localhost:50001/calculationsStored,2152,0,0,,2152,2510,1933
1650343990684,2461,HTTP Request,200,OK,Thread Group 3-4,text,true,,37675170,27,27,http://localhost:50001/calculationsStored,2413,0,1,,2413,2032,1987
1650343991141,2120,HTTP Request,200,OK,Thread Group 3-3,text,true,,37675170,27,27,http://localhost:50001/calculationsStored,2054,0,0,,2054,2234,1940
1650343991046,2311,HTTP Request,200,OK,Thread Group 3-24,text,true,,37675170,27,27,http://localhost:50001/calculationsStored,2203,0,0,,2203,1765,2105
1650343990906,2652,HTTP Request,200,OK,Thread Group 3-5,text,true,,37675170,28,28,http://localhost:50001/calculationsStored,2588,0,1,,2588,2362,1824
1650343991121,2441,HTTP Request,200,OK,Thread Group 3-20,text,true,,37675170,28,28,http://localhost:50001/calculationsStored,2360,0,0,,2360,1612,2134
1650343991535,2227,HTTP Request,200,OK,Thread Group 3-22,text,true,,37675170,28,28,http://localhost:50001/calculationsStored,2145,0,1,,2145,2042,2454
1650343991448,2316,HTTP Request,200,OK,Thread Group 3-1,text,true,,37675170,28,28,http://localhost:50001/calculationsStored,2212,0,0,,2212,2384,1989
1650343991520,2374,HTTP Request,200,OK,Thread Group 3-10,text,true,,37675170,28,28,http://localhost:50001/calculationsStored,2320,0,1,,2320,2009,2295
1650343992589,1434,HTTP Request,200,OK,Thread Group 3-21,text,true,,37675170,29,29,http://localhost:50001/calculationsStored,1395,0,7,,1395,1891,2170
1650343992544,1628,HTTP Request,200,OK,Thread Group 3-23,text,true,,37675170,29,29,http://localhost:50001/calculationsStored,1528,0,0,,1528,2749,2846
1650343991665,2519,HTTP Request,200,OK,Thread Group 3-19,text,true,,37675170,29,29,http://localhost:50001/calculationsStored,2439,0,1,,2439,2723,2118
1650343992641,1702,HTTP Request,200,OK,Thread Group 3-14,text,true,,37675170,29,29,http://localhost:50001/calculationsStored,1664,0,1,,1664,2059,1588
1650343991647,2784,HTTP Request,200,OK,Thread Group 3-25,text,true,,37675170,29,29,http://localhost:50001/calculationsStored,2719,0,0,,2719,2249,1512
1650343991796,2759,HTTP Request,200,OK,Thread Group 3-18,text,true,,37675170,30,30,http://localhost:50001/calculationsStored,2677,0,0,,2677,1721,2083
1650343992357,2316,HTTP Request,200,OK,Thread Group 3-12,text,true,,37675170,30,30,http://localhost:50001/calculationsStored,2225,0,1,,2225,2506,2399
1650343992313,2394,HTTP Request,200,OK,Thread Group 3-7,text,true,,37675170,30,30,http://localhost:50001/calculationsStored,2236,0,0,,2236,2936,2059
1650343992132,2597,HTTP Request,200,OK,Thread Group 3-16,text,true,,37675170,30,30,http://localhost:50001/calculationsStored,2475,0,1,,2475,2460,2011
1650343991893,2839,HTTP Request,200,OK,Thread Group 3-9,text,true,,37675170,30,30,http://localhost:50001/calculationsStored,2706,0,1,,2706,2360,1491
1650343992078,2799,HTTP Request,200,OK,Thread Group 3-6,text,true,,37675170,30,30,http://localhost:50001/calculationsStored,2710,0,0,,2710,1986,2457
1650343992961,2070,HTTP Request,200,OK,Thread Group 3-8,text,true,,37675170,30,30,http://localhost:50001/calculationsStored,2022,0,1,,2022,2111,2068
1650343992247,2931,HTTP Request,200,OK,Thread Group 3-26,text,true,,37675170,31,31,http://localhost:50001/calculationsStored,2887,0,1,,2887,1788,2185
1650343992790,2627,HTTP Request,200,OK,Thread Group 3-2,text,true,,37675170,31,31,http://localhost:50001/calculationsStored,2524,0,4,,2524,2344,2036
1650343992994,2429,HTTP Request,200,OK,Thread Group 3-11,text,true,,37675170,31,31,http://localhost:50001/calculationsStored,2309,0,1,,2309,2780,2388
1650343993084,2508,HTTP Request,200,OK,Thread Group 3-17,text,true,,37675170,31,31,http://localhost:50001/calculationsStored,2410,0,1,,2410,1340,2117
1650343993250,2399,HTTP Request,200,OK,Thread Group 3-4,text,true,,37675170,31,31,http://localhost:50001/calculationsStored,2255,0,1,,2255,2618,2522
1650343992728,2965,HTTP Request,200,OK,Thread Group 3-13,text,true,,37675170,31,31,http://localhost:50001/calculationsStored,2900,0,0,,2900,2299,2013
1650343993196,2602,HTTP Request,200,OK,Thread Group 3-15,text,true,,37675170,32,32,http://localhost:50001/calculationsStored,2543,0,0,,2543,1730,2151
1650343993865,2124,HTTP Request,200,OK,Thread Group 3-1,text,true,,37675170,32,32,http://localhost:50001/calculationsStored,2049,0,0,,2049,2314,1898
1650343994285,1701,HTTP Request,200,OK,Thread Group 3-23,text,true,,37675170,32,32,http://localhost:50001/calculationsStored,1572,0,0,,1572,2936,2925
1650343992848,3151,HTTP Request,200,OK,Thread Group 3-27,text,true,,37675170,32,32,http://localhost:50001/calculationsStored,3048,0,0,,3048,2301,2445
1650343993995,2086,HTTP Request,200,OK,Thread Group 3-10,text,true,,37675170,32,32,http://localhost:50001/calculationsStored,2022,0,0,,2022,2615,2367
1650343993671,2596,HTTP Request,200,OK,Thread Group 3-5,text,true,,37675170,32,32,http://localhost:50001/calculationsStored,2493,0,0,,2493,2979,2350
1650343993467,2927,HTTP Request,200,OK,Thread Group 3-28,text,true,,37675170,33,33,http://localhost:50001/calculationsStored,2830,0,0,,2830,2518,2110
1650343993672,2753,HTTP Request,200,OK,Thread Group 3-20,text,true,,37675170,33,33,http://localhost:50001/calculationsStored,2688,0,1,,2688,2554,1842
1650343994449,2097,HTTP Request,200,OK,Thread Group 3-14,text,true,,37675170,33,33,http://localhost:50001/calculationsStored,2064,0,1,,2064,3016,3046
1650343993863,2805,HTTP Request,200,OK,Thread Group 3-22,text,true,,37675170,33,33,http://localhost:50001/calculationsStored,2727,0,0,,2727,3176,2134
1650343993362,3319,HTTP Request,200,OK,Thread Group 3-3,text,true,,37675170,33,33,http://localhost:50001/calculationsStored,3208,0,0,,3208,1861,2678
1650343994285,2458,HTTP Request,200,OK,Thread Group 3-19,text,true,,37675170,33,33,http://localhost:50001/calculationsStored,2329,0,0,,2329,2281,2641
1650343993457,3435,HTTP Request,200,OK,Thread Group 3-24,text,true,,37675170,33,33,http://localhost:50001/calculationsStored,3332,0,0,,3332,2264,2320
1650343994663,2241,HTTP Request,200,OK,Thread Group 3-30,text,true,,37675170,33,33,http://localhost:50001/calculationsStored,2162,0,0,,2162,2854,2707
1650343994663,2423,HTTP Request,200,OK,Thread Group 3-18,text,true,,37675170,34,34,http://localhost:50001/calculationsStored,2374,0,0,,2374,2837,2292
1650343994133,3041,HTTP Request,200,OK,Thread Group 3-21,text,true,,37675170,34,34,http://localhost:50001/calculationsStored,2978,0,0,,2978,1710,2950
1650343994832,2348,HTTP Request,200,OK,Thread Group 3-16,text,true,,37675170,34,34,http://localhost:50001/calculationsStored,2264,0,0,,2264,3224,2822
1650343994050,3279,HTTP Request,200,OK,Thread Group 3-29,text,true,,37675170,34,34,http://localhost:50001/calculationsStored,3207,0,0,,3207,3243,2452
1650343994773,2615,HTTP Request,200,OK,Thread Group 3-12,text,true,,37675170,34,34,http://localhost:50001/calculationsStored,2545,0,0,,2545,2792,2531
1650343994536,3014,HTTP Request,200,OK,Thread Group 3-25,text,true,,37675170,34,34,http://localhost:50001/calculationsStored,2948,0,0,,2948,2899,2572
1650343994817,2882,HTTP Request,200,OK,Thread Group 3-7,text,true,,37675170,35,35,http://localhost:50001/calculationsStored,2803,0,1,,2803,2965,2582
1650343995248,2505,HTTP Request,200,OK,Thread Group 3-31,text,true,,37675170,35,35,http://localhost:50001/calculationsStored,2458,0,0,,2458,2426,2570
1650343994977,2952,HTTP Request,200,OK,Thread Group 3-6,text,true,,37675170,35,35,http://localhost:50001/calculationsStored,2912,0,2,,2912,2778,2932
1650343995132,2832,HTTP Request,200,OK,Thread Group 3-8,text,true,,37675170,35,35,http://localhost:50001/calculationsStored,2738,0,0,,2738,3122,2426
1650343994848,3326,HTTP Request,200,OK,Thread Group 3-9,text,true,,37675170,36,36,http://localhost:50001/calculationsStored,3210,0,0,,3210,3076,3022
1650343995536,2645,HTTP Request,200,OK,Thread Group 3-2,text,true,,37675170,36,36,http://localhost:50001/calculationsStored,2531,0,0,,2531,3388,2478
1650343995698,2596,HTTP Request,200,OK,Thread Group 3-17,text,true,,37675170,36,36,http://localhost:50001/calculationsStored,2531,0,1,,2531,2051,2625
1650343995799,2647,HTTP Request,200,OK,Thread Group 3-13,text,true,,37675170,36,36,http://localhost:50001/calculationsStored,2560,0,0,,2560,2360,2284
1650343995289,3287,HTTP Request,200,OK,Thread Group 3-26,text,true,,37675170,36,36,http://localhost:50001/calculationsStored,3230,0,1,,3230,2987,2291
1650343995536,3267,HTTP Request,200,OK,Thread Group 3-11,text,true,,37675170,37,37,http://localhost:50001/calculationsStored,3160,0,0,,3160,2844,3064
1650343995901,2939,HTTP Request,200,OK,Thread Group 3-15,text,true,,37675170,37,37,http://localhost:50001/calculationsStored,2844,0,1,,2844,2914,3152
1650343995858,2995,HTTP Request,200,OK,Thread Group 3-32,text,true,,37675170,37,37,http://localhost:50001/calculationsStored,2919,0,0,,2919,3367,3471
1650343995759,3206,HTTP Request,200,OK,Thread Group 3-4,text,true,,37675170,37,37,http://localhost:50001/calculationsStored,3141,0,0,,3141,3633,2734
1650343996462,2702,HTTP Request,200,OK,Thread Group 3-33,text,true,,37675170,37,37,http://localhost:50001/calculationsStored,2616,0,0,,2616,3392,2658
1650343996108,3116,HTTP Request,200,OK,Thread Group 3-27,text,true,,37675170,37,37,http://localhost:50001/calculationsStored,3015,0,0,,3015,3054,2712
1650343996091,3168,HTTP Request,200,OK,Thread Group 3-1,text,true,,37675170,37,37,http://localhost:50001/calculationsStored,3089,0,0,,3089,2687,3196
1650343996387,3020,HTTP Request,200,OK,Thread Group 3-5,text,true,,37675170,38,38,http://localhost:50001/calculationsStored,2942,0,1,,2942,2799,3264
1650343996094,3399,HTTP Request,200,OK,Thread Group 3-23,text,true,,37675170,38,38,http://localhost:50001/calculationsStored,3340,0,0,,3340,3074,2219
1650343996197,3428,HTTP Request,200,OK,Thread Group 3-10,text,true,,37675170,38,38,http://localhost:50001/calculationsStored,3349,0,4,,3349,2818,2808
1650343996769,3086,HTTP Request,200,OK,Thread Group 3-22,text,true,,37675170,38,38,http://localhost:50001/calculationsStored,3017,0,0,,3017,3328,2623
1650343996853,3161,HTTP Request,200,OK,Thread Group 3-19,text,true,,37675170,39,39,http://localhost:50001/calculationsStored,3095,0,1,,3095,3793,2964
1650343996501,3532,HTTP Request,200,OK,Thread Group 3-28,text,true,,37675170,39,39,http://localhost:50001/calculationsStored,3442,0,9,,3442,2789,3073
1650343996664,3380,HTTP Request,200,OK,Thread Group 3-14,text,true,,37675170,39,39,http://localhost:50001/calculationsStored,3269,0,1,,3269,3354,3199
1650343996783,3433,HTTP Request,200,OK,Thread Group 3-3,text,true,,37675170,39,39,http://localhost:50001/calculationsStored,3318,0,0,,3318,3267,3173
1650343996527,3735,HTTP Request,200,OK,Thread Group 3-20,text,true,,37675170,39,39,http://localhost:50001/calculationsStored,3673,0,0,,3673,3542,3731
1650343998275,2422,HTTP Request,200,OK,Thread Group 3-9,text,true,,37675170,40,40,http://localhost:50001/calculationsStored,2370,0,0,,2370,3008,3046
1650343997290,3696,HTTP Request,200,OK,Thread Group 3-16,text,true,,37675170,40,40,http://localhost:50001/calculationsStored,3629,0,0,,3629,2812,3187
1650343997011,4036,HTTP Request,200,OK,Thread Group 3-30,text,true,,37675170,40,40,http://localhost:50001/calculationsStored,3961,0,1,,3961,3425,2887
1650343997048,4082,HTTP Request,200,OK,Thread Group 3-34,text,true,,37675170,40,40,http://localhost:50001/calculationsStored,4016,0,2,,4016,2701,2936
1650343998276,2897,HTTP Request,200,OK,Thread Group 3-36,text,true,,37675170,41,41,http://localhost:50001/calculationsStored,2781,0,1,,2781,3154,2986
1650343997430,3858,HTTP Request,200,OK,Thread Group 3-29,text,true,,37675170,41,41,http://localhost:50001/calculationsStored,3784,0,0,,3784,2777,2843
1650343998078,3373,HTTP Request,200,OK,Thread Group 3-8,text,true,,37675170,41,41,http://localhost:50001/calculationsStored,3309,0,1,,3309,3457,3160
1650343997655,3836,HTTP Request,200,OK,Thread Group 3-25,text,true,,37675170,41,41,http://localhost:50001/calculationsStored,3786,0,0,,3786,3610,2753
1650343997491,4207,HTTP Request,200,OK,Thread Group 3-12,text,true,,37675170,41,41,http://localhost:50001/calculationsStored,4176,0,2,,4176,3279,3226
1650343999065,2799,HTTP Request,200,OK,Thread Group 3-4,text,true,,37675170,42,42,http://localhost:50001/calculationsStored,2687,0,1,,2687,2195,3212
1650343998282,3586,HTTP Request,200,OK,Thread Group 3-2,text,true,,37675170,42,42,http://localhost:50001/calculationsStored,3469,0,0,,3469,3259,3103
1650343997278,4757,HTTP Request,200,OK,Thread Group 3-21,text,true,,37675170,42,42,http://localhost:50001/calculationsStored,4677,0,1,,4677,3462,2620
1650343997195,4846,HTTP Request,200,OK,Thread Group 3-18,text,true,,37675170,42,42,http://localhost:50001/calculationsStored,4722,0,0,,4722,2896,3098
1650343996995,5215,HTTP Request,200,OK,Thread Group 3-24,text,true,,37675170,42,42,http://localhost:50001/calculationsStored,5147,0,0,,5147,2576,2868
1650343998547,3690,HTTP Request,200,OK,Thread Group 3-13,text,true,,37675170,42,42,http://localhost:50001/calculationsStored,3637,0,0,,3637,3461,2703
1650343997800,4536,HTTP Request,200,OK,Thread Group 3-7,text,true,,37675170,42,42,http://localhost:50001/calculationsStored,4439,0,0,,4439,3441,2763
1650343998686,3812,HTTP Request,200,OK,Thread Group 3-26,text,true,,37675170,43,43,http://localhost:50001/calculationsStored,3724,0,1,,3724,3075,3182
1650343997869,4701,HTTP Request,200,OK,Thread Group 3-31,text,true,,37675170,43,43,http://localhost:50001/calculationsStored,4579,0,0,,4579,3359,3079
1650343998954,3647,HTTP Request,200,OK,Thread Group 3-32,text,true,,37675170,43,43,http://localhost:50001/calculationsStored,3490,0,1,,3490,3481,3680
1650343997662,5042,HTTP Request,200,OK,Thread Group 3-35,text,true,,37675170,43,43,http://localhost:50001/calculationsStored,4968,0,2,,4968,3138,3208
1650343998395,4454,HTTP Request,200,OK,Thread Group 3-17,text,true,,37675170,43,43,http://localhost:50001/calculationsStored,4419,0,0,,4419,3191,3315
1650343999329,3615,HTTP Request,200,OK,Thread Group 3-27,text,true,,37675170,43,43,http://localhost:50001/calculationsStored,3550,0,0,,3550,3242,3247
1650343998945,4147,HTTP Request,200,OK,Thread Group 3-15,text,true,,37675170,44,44,http://localhost:50001/calculationsStored,3996,0,0,,3996,3269,2595
1650343998903,4196,HTTP Request,200,OK,Thread Group 3-11,text,true,,37675170,44,44,http://localhost:50001/calculationsStored,4080,0,1,,4080,3116,3308
1650343999454,3685,HTTP Request,200,OK,Thread Group 3-38,text,true,,37675170,44,44,http://localhost:50001/calculationsStored,3583,0,0,,3583,3301,3534
1650344000114,3179,HTTP Request,200,OK,Thread Group 3-19,text,true,,37675170,44,44,http://localhost:50001/calculationsStored,3095,0,0,,3095,3117,3241
1650343998031,5263,HTTP Request,200,OK,Thread Group 3-6,text,true,,37675170,44,44,http://localhost:50001/calculationsStored,5169,0,0,,5169,3689,3584
1650344000664,2875,HTTP Request,200,OK,Thread Group 3-40,text,true,,37675170,44,44,http://localhost:50001/calculationsStored,2790,0,0,,2790,3487,3024
1650343998860,4716,HTTP Request,200,OK,Thread Group 3-37,text,true,,37675170,45,45,http://localhost:50001/calculationsStored,4600,0,0,,4600,3234,3760
1650343999265,4316,HTTP Request,200,OK,Thread Group 3-33,text,true,,37675170,45,45,http://localhost:50001/calculationsStored,4176,0,0,,4176,3346,3459
1650344000066,3587,HTTP Request,200,OK,Thread Group 3-39,text,true,,37675170,45,45,http://localhost:50001/calculationsStored,3551,0,1,,3551,3532,3312
1650343999360,4565,HTTP Request,200,OK,Thread Group 3-1,text,true,,37675170,45,45,http://localhost:50001/calculationsStored,4504,0,2,,4504,3151,3142
1650344001089,2950,HTTP Request,200,OK,Thread Group 3-16,text,true,,37675170,45,45,http://localhost:50001/calculationsStored,2900,0,0,,2900,3105,2905
1650344001968,2136,HTTP Request,200,OK,Thread Group 3-2,text,true,,37675170,45,45,http://localhost:50001/calculationsStored,2077,0,0,,2077,3615,3482
1650344000134,3978,HTTP Request,200,OK,Thread Group 3-28,text,true,,37675170,45,45,http://localhost:50001/calculationsStored,3835,0,0,,3835,3751,3362
1650343999513,4713,HTTP Request,200,OK,Thread Group 3-5,text,true,,37675170,46,46,http://localhost:50001/calculationsStored,4677,0,0,,4677,3306,3673
1650344001281,3085,HTTP Request,200,OK,Thread Group 3-36,text,true,,37675170,46,46,http://localhost:50001/calculationsStored,3022,0,0,,3022,3110,3411
1650344001240,3279,HTTP Request,200,OK,Thread Group 3-34,text,true,,37675170,46,46,http://localhost:50001/calculationsStored,3195,0,0,,3195,3661,4366
1650344000316,4209,HTTP Request,200,OK,Thread Group 3-3,text,true,,37675170,46,46,http://localhost:50001/calculationsStored,4119,0,0,,4119,3922,3238
1650343999959,4753,HTTP Request,200,OK,Thread Group 3-22,text,true,,37675170,46,46,http://localhost:50001/calculationsStored,4670,0,1,,4670,3673,3460
1650344001558,3160,HTTP Request,200,OK,Thread Group 3-8,text,true,,37675170,46,46,http://localhost:50001/calculationsStored,3054,0,0,,3054,2795,3647
1650344001592,3133,HTTP Request,200,OK,Thread Group 3-25,text,true,,37675170,46,46,http://localhost:50001/calculationsStored,3017,0,0,,3017,3355,3346
1650344000147,4813,HTTP Request,200,OK,Thread Group 3-14,text,true,,37675170,47,47,http://localhost:50001/calculationsStored,4738,0,1,,4738,3435,3738
1650344001801,3186,HTTP Request,200,OK,Thread Group 3-12,text,true,,37675170,47,47,http://localhost:50001/calculationsStored,3014,0,0,,3014,3389,3554
1650344000797,4192,HTTP Request,200,OK,Thread Group 3-9,text,true,,37675170,47,47,http://localhost:50001/calculationsStored,4078,0,0,,4078,3244,4319
1650343999594,5411,HTTP Request,200,OK,Thread Group 3-23,text,true,,37675170,47,47,http://localhost:50001/calculationsStored,5281,0,1,,5281,4138,3791
1650344001853,3275,HTTP Request,200,OK,Thread Group 3-42,text,true,,37675170,47,47,http://localhost:50001/calculationsStored,3202,0,1,,3202,3757,3485
1650343999738,5525,HTTP Request,200,OK,Thread Group 3-10,text,true,,37675170,47,47,http://localhost:50001/calculationsStored,5486,0,0,,5486,3310,3948
1650344001256,4105,HTTP Request,200,OK,Thread Group 3-41,text,true,,37675170,47,47,http://localhost:50001/calculationsStored,4031,0,1,,4031,3786,3937
1650344002138,3243,HTTP Request,200,OK,Thread Group 3-21,text,true,,37675170,48,48,http://localhost:50001/calculationsStored,3187,0,1,,3187,4455,3554
1650344001155,4361,HTTP Request,200,OK,Thread Group 3-30,text,true,,37675170,48,48,http://localhost:50001/calculationsStored,4296,0,1,,4296,3837,3975
1650344001966,3590,HTTP Request,200,OK,Thread Group 3-4,text,true,,37675170,48,48,http://localhost:50001/calculationsStored,3544,0,0,,3544,3589,3317
1650344002321,3349,HTTP Request,200,OK,Thread Group 3-24,text,true,,37675170,48,48,http://localhost:50001/calculationsStored,3286,0,0,,3286,4018,3687
1650344000362,5448,HTTP Request,200,OK,Thread Group 3-20,text,true,,37675170,48,48,http://localhost:50001/calculationsStored,5378,0,0,,5378,3828,3777
1650344002709,3373,HTTP Request,200,OK,Thread Group 3-32,text,true,,37675170,49,49,http://localhost:50001/calculationsStored,3242,0,0,,3242,2966,3503
1650344002673,3448,HTTP Request,200,OK,Thread Group 3-31,text,true,,37675170,49,49,http://localhost:50001/calculationsStored,3263,0,0,,3263,3886,3972
1650344001392,4753,HTTP Request,200,OK,Thread Group 3-29,text,true,,37675170,49,49,http://localhost:50001/calculationsStored,4561,0,0,,4561,3739,4298
1650344002479,3681,HTTP Request,200,OK,Thread Group 3-43,text,true,,37675170,49,49,http://localhost:50001/calculationsStored,3490,0,0,,3490,3851,2886
1650344002337,3833,HTTP Request,200,OK,Thread Group 3-13,text,true,,37675170,49,49,http://localhost:50001/calculationsStored,3650,0,1,,3650,3192,4355
1650344002145,4079,HTTP Request,200,OK,Thread Group 3-18,text,true,,37675170,49,49,http://localhost:50001/calculationsStored,4022,0,0,,4022,3751,3639
1650344002447,3905,HTTP Request,200,OK,Thread Group 3-7,text,true,,37675170,49,49,http://localhost:50001/calculationsStored,3841,0,1,,3841,2723,3685
1650344002811,3608,HTTP Request,200,OK,Thread Group 3-35,text,true,,37675170,49,49,http://localhost:50001/calculationsStored,3565,0,0,,3565,3924,4071
1650344003195,3386,HTTP Request,200,OK,Thread Group 3-15,text,true,,37675170,50,50,http://localhost:50001/calculationsStored,3301,0,0,,3301,3800,3150
1650344002599,3984,HTTP Request,200,OK,Thread Group 3-26,text,true,,37675170,50,50,http://localhost:50001/calculationsStored,3897,0,0,,3897,4391,4994
1650344002948,3663,HTTP Request,200,OK,Thread Group 3-17,text,true,,37675170,50,50,http://localhost:50001/calculationsStored,3579,0,1,,3579,3509,3998
1650344003052,3724,HTTP Request,200,OK,Thread Group 3-44,text,true,,37675170,50,50,http://localhost:50001/calculationsStored,3656,0,0,,3656,3289,3860
1650344003198,3607,HTTP Request,200,OK,Thread Group 3-11,text,true,,37675170,50,50,http://localhost:50001/calculationsStored,3547,0,1,,3547,3935,3075
1650344003678,3284,HTTP Request,200,OK,Thread Group 3-37,text,true,,37675170,50,50,http://localhost:50001/calculationsStored,3180,0,1,,3180,2861,3849
1650344003249,3746,HTTP Request,200,OK,Thread Group 3-38,text,true,,37675170,50,50,http://localhost:50001/calculationsStored,3669,0,0,,3669,4450,4037
1650344003047,4034,HTTP Request,200,OK,Thread Group 3-27,text,true,,37675170,50,50,http://localhost:50001/calculationsStored,3965,0,0,,3965,3226,4162
1650344003399,3913,HTTP Request,200,OK,Thread Group 3-6,text,true,,37675170,50,50,http://localhost:50001/calculationsStored,3867,0,0,,3867,4252,3900
1650344003399,3982,HTTP Request,200,OK,Thread Group 3-19,text,true,,37675170,50,50,http://localhost:50001/calculationsStored,3939,0,0,,3939,4348,4731
1650344003680,3812,HTTP Request,200,OK,Thread Group 3-33,text,true,,37675170,50,50,http://localhost:50001/calculationsStored,3747,0,0,,3747,4161,3424
1650344004345,3403,HTTP Request,200,OK,Thread Group 3-5,text,true,,37675170,50,50,http://localhost:50001/calculationsStored,3338,0,0,,3338,3863,4117
1650344003645,4217,HTTP Request,200,OK,Thread Group 3-40,text,true,,37675170,50,50,http://localhost:50001/calculationsStored,4161,0,0,,4161,4562,4167
1650344004468,3501,HTTP Request,200,OK,Thread Group 3-36,text,true,,37675170,50,50,http://localhost:50001/calculationsStored,3438,0,1,,3438,3785,3467
1650344004033,3989,HTTP Request,200,OK,Thread Group 3-1,text,true,,37675170,50,50,http://localhost:50001/calculationsStored,3907,0,0,,3907,4048,3899
1650344003754,4299,HTTP Request,200,OK,Thread Group 3-39,text,true,,37675170,50,50,http://localhost:50001/calculationsStored,4216,0,0,,4216,4305,3967
1650344004139,4046,HTTP Request,200,OK,Thread Group 3-16,text,true,,37675170,50,50,http://localhost:50001/calculationsStored,3979,0,0,,3979,3892,4272
1650344003673,4635,HTTP Request,200,OK,Thread Group 3-45,text,true,,37675170,50,50,http://localhost:50001/calculationsStored,4579,0,1,,4579,3663,4013
1650344004254,4195,HTTP Request,200,OK,Thread Group 3-46,text,true,,37675170,50,50,http://localhost:50001/calculationsStored,4075,0,0,,4075,4679,4066
1650344004620,4018,HTTP Request,200,OK,Thread Group 3-34,text,true,,37675170,50,50,http://localhost:50001/calculationsStored,3946,0,1,,3946,4082,3613
1650344004212,4573,HTTP Request,200,OK,Thread Group 3-28,text,true,,37675170,50,50,http://localhost:50001/calculationsStored,4474,0,0,,4474,3230,3924
1650344004626,4340,HTTP Request,200,OK,Thread Group 3-3,text,true,,37675170,50,50,http://localhost:50001/calculationsStored,4251,0,2,,4251,3917,3837
1650344004856,4145,HTTP Request,200,OK,Thread Group 3-47,text,true,,37675170,50,50,http://localhost:50001/calculationsStored,4070,0,0,,4070,3515,3653
1650344004840,4196,HTTP Request,200,OK,Thread Group 3-25,text,true,,37675170,50,50,http://localhost:50001/calculationsStored,4082,0,0,,4082,4903,4353
1650344004205,4849,HTTP Request,200,OK,Thread Group 3-2,text,true,,37675170,50,50,http://localhost:50001/calculationsStored,4755,0,1,,4755,4954,3938
1650344005088,4099,HTTP Request,200,OK,Thread Group 3-12,text,true,,37675170,50,50,http://localhost:50001/calculationsStored,4018,0,1,,4018,4394,4259
1650344004819,4430,HTTP Request,200,OK,Thread Group 3-8,text,true,,37675170,50,50,http://localhost:50001/calculationsStored,4360,0,1,,4360,4776,4372
1650344005105,4286,HTTP Request,200,OK,Thread Group 3-9,text,true,,37675170,50,50,http://localhost:50001/calculationsStored,4254,0,0,,4254,4381,4054
1650344005230,4291,HTTP Request,200,OK,Thread Group 3-42,text,true,,37675170,50,50,http://localhost:50001/calculationsStored,4247,0,0,,4247,5428,4278
1650344005656,3977,HTTP Request,200,OK,Thread Group 3-4,text,true,,37675170,50,50,http://localhost:50001/calculationsStored,3910,0,0,,3910,4194,4150
1650344004814,4876,HTTP Request,200,OK,Thread Group 3-22,text,true,,37675170,50,50,http://localhost:50001/calculationsStored,4819,0,4,,4819,5069,3933
1650344005105,4697,HTTP Request,200,OK,Thread Group 3-23,text,true,,37675170,50,50,http://localhost:50001/calculationsStored,4641,0,0,,4641,4512,3711
1650344006257,3722,HTTP Request,200,OK,Thread Group 3-29,text,true,,37675170,50,50,http://localhost:50001/calculationsStored,3648,0,1,,3648,4029,3889
1650344005462,4537,HTTP Request,200,OK,Thread Group 3-48,text,true,,37675170,50,50,http://localhost:50001/calculationsStored,4474,0,0,,4474,4223,3930
1650344005482,4591,HTTP Request,200,OK,Thread Group 3-21,text,true,,37675170,50,50,http://localhost:50001/calculationsStored,4559,0,0,,4559,4516,4429
1650344006187,3941,HTTP Request,200,OK,Thread Group 3-32,text,true,,37675170,50,50,http://localhost:50001/calculationsStored,3893,0,5,,3893,3897,4282
1650344005627,4794,HTTP Request,200,OK,Thread Group 3-30,text,true,,37675170,50,50,http://localhost:50001/calculationsStored,4693,0,1,,4693,4359,4057
1650344005365,5074,HTTP Request,200,OK,Thread Group 3-10,text,true,,37675170,50,50,http://localhost:50001/calculationsStored,4936,0,0,,4936,5416,4221
1650344006085,4355,HTTP Request,200,OK,Thread Group 3-49,text,true,,37675170,50,50,http://localhost:50001/calculationsStored,4216,0,0,,4216,4581,4934
1650344006271,4319,HTTP Request,200,OK,Thread Group 3-13,text,true,,37675170,50,50,http://localhost:50001/calculationsStored,4253,0,0,,4253,4432,4234
1650344005462,5149,HTTP Request,200,OK,Thread Group 3-41,text,true,,37675170,50,50,http://localhost:50001/calculationsStored,5103,0,0,,5103,5137,4512
1650344006452,4569,HTTP Request,200,OK,Thread Group 3-7,text,true,,37675170,50,50,http://localhost:50001/calculationsStored,4254,0,0,,4254,5049,4148
1650344005910,5113,HTTP Request,200,OK,Thread Group 3-20,text,true,,37675170,49,49,http://localhost:50001/calculationsStored,4779,0,1,,4779,4458,4488
1650344005077,5990,HTTP Request,200,OK,Thread Group 3-14,text,true,,37675170,49,49,http://localhost:50001/calculationsStored,5611,0,0,,5611,5076,3833
1650344006522,4589,HTTP Request,200,OK,Thread Group 3-35,text,true,,37675170,49,49,http://localhost:50001/calculationsStored,4284,0,0,,4284,4842,4427
1650344005773,5454,HTTP Request,200,OK,Thread Group 3-24,text,true,,37675170,49,49,http://localhost:50001/calculationsStored,5288,0,0,,5288,5279,4113
1650344006261,4984,HTTP Request,200,OK,Thread Group 3-43,text,true,,37675170,49,49,http://localhost:50001/calculationsStored,4871,0,0,,4871,4771,4644
1650344006653,4626,HTTP Request,200,OK,Thread Group 3-50,text,true,,37675170,49,49,http://localhost:50001/calculationsStored,4491,0,1,,4491,5361,4450
1650344006326,4962,HTTP Request,200,OK,Thread Group 3-18,text,true,,37675170,49,49,http://localhost:50001/calculationsStored,4817,0,1,,4817,5101,4539
1650344006695,4780,HTTP Request,200,OK,Thread Group 3-15,text,true,,37675170,49,49,http://localhost:50001/calculationsStored,4711,0,1,,4711,5050,4355
1650344006713,4778,HTTP Request,200,OK,Thread Group 3-17,text,true,,37675170,49,49,http://localhost:50001/calculationsStored,4687,0,0,,4687,4677,4496
1650344007075,4569,HTTP Request,200,OK,Thread Group 3-37,text,true,,37675170,49,49,http://localhost:50001/calculationsStored,4532,0,1,,4532,5144,4487
1650344006695,4968,HTTP Request,200,OK,Thread Group 3-26,text,true,,37675170,49,49,http://localhost:50001/calculationsStored,4876,0,1,,4876,4546,4308
1650344006880,4979,HTTP Request,200,OK,Thread Group 3-44,text,true,,37675170,49,49,http://localhost:50001/calculationsStored,4923,0,0,,4923,4638,4448
1650344007414,4578,HTTP Request,200,OK,Thread Group 3-6,text,true,,37675170,49,49,http://localhost:50001/calculationsStored,4496,0,0,,4496,4341,4229
1650344007182,4820,HTTP Request,200,OK,Thread Group 3-27,text,true,,37675170,49,49,http://localhost:50001/calculationsStored,4692,0,0,,4692,4984,4735
1650344006909,5245,HTTP Request,200,OK,Thread Group 3-11,text,true,,37675170,49,49,http://localhost:50001/calculationsStored,5165,0,1,,5165,4140,4485
1650344007593,4566,HTTP Request,200,OK,Thread Group 3-33,text,true,,37675170,49,49,http://localhost:50001/calculationsStored,4537,0,0,,4537,5655,4305
1650344007101,5155,HTTP Request,200,OK,Thread Group 3-38,text,true,,37675170,49,49,http://localhost:50001/calculationsStored,5102,0,9,,5102,5062,4254
1650344007969,4383,HTTP Request,200,OK,Thread Group 3-40,text,true,,37675170,49,49,http://localhost:50001/calculationsStored,4314,0,1,,4314,4252,4758
1650344008409,4037,HTTP Request,200,OK,Thread Group 3-45,text,true,,37675170,49,49,http://localhost:50001/calculationsStored,3980,0,0,,3980,4446,4207
1650344007493,5254,HTTP Request,200,OK,Thread Group 3-19,text,true,,37675170,49,49,http://localhost:50001/calculationsStored,5201,0,0,,5201,5214,4583
1650344008122,4652,HTTP Request,200,OK,Thread Group 3-1,text,true,,37675170,49,49,http://localhost:50001/calculationsStored,4551,0,0,,4551,5813,3780
1650344007850,4929,HTTP Request,200,OK,Thread Group 3-5,text,true,,37675170,49,49,http://localhost:50001/calculationsStored,4823,0,0,,4823,4921,4581
1650344008076,4885,HTTP Request,200,OK,Thread Group 3-36,text,true,,37675170,49,49,http://localhost:50001/calculationsStored,4808,0,0,,4808,6060,4657
1650344008159,4846,HTTP Request,200,OK,Thread Group 3-39,text,true,,37675170,49,49,http://localhost:50001/calculationsStored,4788,0,0,,4788,4678,5297
1650344008295,4866,HTTP Request,200,OK,Thread Group 3-16,text,true,,37675170,49,49,http://localhost:50001/calculationsStored,4818,0,1,,4818,4904,5329
1650344008885,4348,HTTP Request,200,OK,Thread Group 3-28,text,true,,37675170,49,49,http://localhost:50001/calculationsStored,4298,0,1,,4298,4306,5034
1650344009140,4214,HTTP Request,200,OK,Thread Group 3-25,text,true,,37675170,49,49,http://localhost:50001/calculationsStored,4151,0,25,,4151,4246,4762
1650344009352,4300,HTTP Request,200,OK,Thread Group 3-8,text,true,,37675170,49,49,http://localhost:50001/calculationsStored,4190,0,0,,4190,4830,5477
1650344009104,4554,HTTP Request,200,OK,Thread Group 3-47,text,true,,37675170,49,49,http://localhost:50001/calculationsStored,4434,0,0,,4434,4677,4860
1650344009068,4627,HTTP Request,200,OK,Thread Group 3-3,text,true,,37675170,49,49,http://localhost:50001/calculationsStored,4567,0,0,,4567,4598,4536
1650344009798,3992,HTTP Request,200,OK,Thread Group 3-22,text,true,,37675170,49,49,http://localhost:50001/calculationsStored,3941,0,0,,3941,4231,4418
1650344008550,5324,HTTP Request,200,OK,Thread Group 3-46,text,true,,37675170,49,49,http://localhost:50001/calculationsStored,5295,0,0,,5295,4471,4624
1650344009159,4833,HTTP Request,200,OK,Thread Group 3-2,text,true,,37675170,49,49,http://localhost:50001/calculationsStored,4762,0,0,,4762,5064,4246
1650344010079,3947,HTTP Request,200,OK,Thread Group 3-29,text,true,,37675170,49,49,http://localhost:50001/calculationsStored,3864,0,1,,3864,4150,4794
1650344010233,3912,HTTP Request,200,OK,Thread Group 3-32,text,true,,37675170,49,49,http://localhost:50001/calculationsStored,3833,0,0,,3833,4177,4581
1650344009498,4688,HTTP Request,200,OK,Thread Group 3-9,text,true,,37675170,49,49,http://localhost:50001/calculationsStored,4634,0,1,,4634,4197,4772
1650344010180,4184,HTTP Request,200,OK,Thread Group 3-21,text,true,,37675170,49,49,http://localhost:50001/calculationsStored,4141,0,0,,4141,4094,4546
1650344008739,5903,HTTP Request,200,OK,Thread Group 3-34,text,true,,37675170,49,49,http://localhost:50001/calculationsStored,5831,0,0,,5831,4807,4866
1650344009288,5501,HTTP Request,200,OK,Thread Group 3-12,text,true,,37675170,49,49,http://localhost:50001/calculationsStored,5430,0,0,,5430,4655,4605
1650344009906,4918,HTTP Request,200,OK,Thread Group 3-23,text,true,,37675170,49,49,http://localhost:50001/calculationsStored,4807,0,0,,4807,5106,4296
1650344009625,5244,HTTP Request,200,OK,Thread Group 3-42,text,true,,37675170,49,49,http://localhost:50001/calculationsStored,5197,0,4,,5197,4498,4578
1650344010525,4483,HTTP Request,200,OK,Thread Group 3-30,text,true,,37675170,49,49,http://localhost:50001/calculationsStored,4391,0,0,,4391,5044,4340
1650344010107,4933,HTTP Request,200,OK,Thread Group 3-48,text,true,,37675170,49,49,http://localhost:50001/calculationsStored,4803,0,0,,4803,4716,5420
1650344010718,4568,HTTP Request,200,OK,Thread Group 3-41,text,true,,37675170,49,49,http://localhost:50001/calculationsStored,4447,0,0,,4447,4742,4958
1650344009739,5560,HTTP Request,200,OK,Thread Group 3-4,text,true,,37675170,49,49,http://localhost:50001/calculationsStored,5434,0,0,,5434,4213,4262
1650344011173,4305,HTTP Request,200,OK,Thread Group 3-14,text,true,,37675170,49,49,http://localhost:50001/calculationsStored,4213,0,4,,4213,4873,4667
1650344010549,4940,HTTP Request,200,OK,Thread Group 3-10,text,true,,37675170,49,49,http://localhost:50001/calculationsStored,4890,0,1,,4890,4011,4826
1650344010549,5094,HTTP Request,200,OK,Thread Group 3-49,text,true,,37675170,49,49,http://localhost:50001/calculationsStored,5039,0,1,,5039,4811,4719
1650344011125,4756,HTTP Request,200,OK,Thread Group 3-7,text,true,,37675170,49,49,http://localhost:50001/calculationsStored,4702,0,0,,4702,3817,4961
1650344010711,5330,HTTP Request,200,OK,Thread Group 3-13,text,true,,37675170,49,49,http://localhost:50001/calculationsStored,5268,0,2,,5268,4151,4641
1650344011226,4919,HTTP Request,200,OK,Thread Group 3-35,text,true,,37675170,49,49,http://localhost:50001/calculationsStored,4771,0,0,,4771,3830,4969
1650344011171,5086,HTTP Request,200,OK,Thread Group 3-20,text,true,,37675170,49,49,http://localhost:50001/calculationsStored,4924,0,1,,4924,4261,4074
1650344011765,4553,HTTP Request,200,OK,Thread Group 3-26,text,true,,37675170,49,49,http://localhost:50001/calculationsStored,4337,0,0,,4337,4642,5043
1650344011745,4591,HTTP Request,200,OK,Thread Group 3-37,text,true,,37675170,49,49,http://localhost:50001/calculationsStored,4406,0,1,,4406,5333,4881
1650344011390,5045,HTTP Request,200,OK,Thread Group 3-50,text,true,,37675170,49,49,http://localhost:50001/calculationsStored,4950,0,0,,4950,4244,4729
1650344011397,5074,HTTP Request,200,OK,Thread Group 3-18,text,true,,37675170,49,49,http://localhost:50001/calculationsStored,5001,0,0,,5001,4288,4806
1650344011578,5054,HTTP Request,200,OK,Thread Group 3-15,text,true,,37675170,49,49,http://localhost:50001/calculationsStored,4984,0,0,,4984,4706,5117
1650344012108,4601,HTTP Request,200,OK,Thread Group 3-27,text,true,,37675170,49,49,http://localhost:50001/calculationsStored,4512,0,0,,4512,4300,4830
1650344011346,5436,HTTP Request,200,OK,Thread Group 3-43,text,true,,37675170,49,49,http://localhost:50001/calculationsStored,5278,0,0,,5278,4490,4745
1650344012260,4536,HTTP Request,200,OK,Thread Group 3-11,text,true,,37675170,49,49,http://localhost:50001/calculationsStored,4423,0,0,,4423,4333,5616
1650344011329,5852,HTTP Request,200,OK,Thread Group 3-24,text,true,,37675170,47,47,http://localhost:50001/calculationsStored,5521,0,0,,5521,4226,5072
1650344011969,5336,HTTP Request,200,OK,Thread Group 3-44,text,true,,37675170,47,47,http://localhost:50001/calculationsStored,4998,0,1,,4998,4344,5471
1650344011594,5704,HTTP Request,200,OK,Thread Group 3-17,text,true,,37675170,47,47,http://localhost:50001/calculationsStored,5354,0,1,,5354,4265,4766
1650344013762,3611,HTTP Request,200,OK,Thread Group 3-8,text,true,,37675170,47,47,http://localhost:50001/calculationsStored,3480,0,1,,3480,3403,4568
1650344012876,4516,HTTP Request,200,OK,Thread Group 3-1,text,true,,37675170,47,47,http://localhost:50001/calculationsStored,4453,0,0,,4453,5133,4379
1650344012547,4970,HTTP Request,200,OK,Thread Group 3-45,text,true,,37675170,47,47,http://localhost:50001/calculationsStored,4912,0,1,,4912,6103,4362
1650344012848,4734,HTTP Request,200,OK,Thread Group 3-19,text,true,,37675170,47,47,http://localhost:50001/calculationsStored,4672,0,0,,4672,4651,5049
1650344012358,5433,HTTP Request,200,OK,Thread Group 3-38,text,true,,37675170,47,47,http://localhost:50001/calculationsStored,5362,0,0,,5362,4758,5373
1650344013107,4733,HTTP Request,200,OK,Thread Group 3-39,text,true,,37675170,47,47,http://localhost:50001/calculationsStored,4582,0,0,,4582,4422,4704
1650344013350,4514,HTTP Request,200,OK,Thread Group 3-28,text,true,,37675170,47,47,http://localhost:50001/calculationsStored,4373,0,0,,4373,3741,4459
1650344012453,5430,HTTP Request,200,OK,Thread Group 3-40,text,true,,37675170,47,47,http://localhost:50001/calculationsStored,5263,0,1,,5263,4080,5128
1650344013897,4139,HTTP Request,200,OK,Thread Group 3-22,text,true,,37675170,47,47,http://localhost:50001/calculationsStored,4056,0,0,,4056,3836,3918
1650344012882,5288,HTTP Request,200,OK,Thread Group 3-5,text,true,,37675170,47,47,http://localhost:50001/calculationsStored,5216,0,0,,5216,4723,4433
1650344013062,5196,HTTP Request,200,OK,Thread Group 3-36,text,true,,37675170,47,47,http://localhost:50001/calculationsStored,5139,0,0,,5139,4725,4193
1650344013457,4883,HTTP Request,200,OK,Thread Group 3-25,text,true,,37675170,47,47,http://localhost:50001/calculationsStored,4841,0,0,,4841,4202,4379
1650344013263,5269,HTTP Request,200,OK,Thread Group 3-16,text,true,,37675170,47,47,http://localhost:50001/calculationsStored,5181,0,0,,5181,3422,4997
1650344013763,4856,HTTP Request,200,OK,Thread Group 3-47,text,true,,37675170,47,47,http://localhost:50001/calculationsStored,4718,0,0,,4718,4280,5036
1650344013988,4633,HTTP Request,200,OK,Thread Group 3-46,text,true,,37675170,47,47,http://localhost:50001/calculationsStored,4438,0,0,,4438,4272,4633
1650344013796,4874,HTTP Request,200,OK,Thread Group 3-3,text,true,,37675170,47,47,http://localhost:50001/calculationsStored,4769,0,0,,4769,4520,4648
1650344014246,4549,HTTP Request,200,OK,Thread Group 3-32,text,true,,37675170,47,47,http://localhost:50001/calculationsStored,4489,0,1,,4489,4763,4585
1650344014470,4488,HTTP Request,200,OK,Thread Group 3-21,text,true,,37675170,47,47,http://localhost:50001/calculationsStored,4417,0,1,,4417,4260,4503
1650344014288,4794,HTTP Request,200,OK,Thread Group 3-9,text,true,,37675170,47,47,http://localhost:50001/calculationsStored,4735,0,0,,4735,3906,4478
1650344014154,4935,HTTP Request,200,OK,Thread Group 3-29,text,true,,37675170,47,47,http://localhost:50001/calculationsStored,4849,0,0,,4849,4197,4945
1650344014094,5130,HTTP Request,200,OK,Thread Group 3-2,text,true,,37675170,47,47,http://localhost:50001/calculationsStored,5067,0,1,,5067,4738,3840
1650344014979,4371,HTTP Request,200,OK,Thread Group 3-42,text,true,,37675170,47,47,http://localhost:50001/calculationsStored,4299,0,0,,4299,5127,5110
1650344015142,4271,HTTP Request,200,OK,Thread Group 3-48,text,true,,37675170,47,47,http://localhost:50001/calculationsStored,4222,0,0,,4222,3691,4098
1650344015397,4169,HTTP Request,200,OK,Thread Group 3-41,text,true,,37675170,47,47,http://localhost:50001/calculationsStored,4074,0,1,,4074,5013,5212
1650344014755,4919,HTTP Request,200,OK,Thread Group 3-34,text,true,,37675170,47,47,http://localhost:50001/calculationsStored,4840,0,2,,4840,3369,4475
1650344014891,4921,HTTP Request,200,OK,Thread Group 3-12,text,true,,37675170,47,47,http://localhost:50001/calculationsStored,4857,0,1,,4857,4070,4520
1650344015416,4517,HTTP Request,200,OK,Thread Group 3-4,text,true,,37675170,47,47,http://localhost:50001/calculationsStored,4441,0,0,,4441,4749,5058
1650344015581,4397,HTTP Request,200,OK,Thread Group 3-14,text,true,,37675170,47,47,http://localhost:50001/calculationsStored,4354,0,0,,4354,4358,4097
1650344014934,5124,HTTP Request,200,OK,Thread Group 3-23,text,true,,37675170,47,47,http://localhost:50001/calculationsStored,5072,0,1,,5072,5000,3817
1650344015607,4591,HTTP Request,200,OK,Thread Group 3-10,text,true,,37675170,47,47,http://localhost:50001/calculationsStored,4522,0,0,,4522,3940,3955
1650344015981,4232,HTTP Request,200,OK,Thread Group 3-7,text,true,,37675170,47,47,http://localhost:50001/calculationsStored,4174,0,1,,4174,4103,5104
1650344015128,5258,HTTP Request,200,OK,Thread Group 3-30,text,true,,37675170,47,47,http://localhost:50001/calculationsStored,5196,0,0,,5196,4438,4478
1650344016164,4360,HTTP Request,200,OK,Thread Group 3-13,text,true,,37675170,47,47,http://localhost:50001/calculationsStored,4290,0,0,,4290,5044,4845
1650344016450,4196,HTTP Request,200,OK,Thread Group 3-37,text,true,,37675170,47,47,http://localhost:50001/calculationsStored,4132,0,0,,4132,4811,4740
1650344016830,3854,HTTP Request,200,OK,Thread Group 3-27,text,true,,37675170,47,47,http://localhost:50001/calculationsStored,3789,0,0,,3789,4738,4176
1650344015744,5027,HTTP Request,200,OK,Thread Group 3-49,text,true,,37675170,47,47,http://localhost:50001/calculationsStored,4985,0,0,,4985,4097,4773
1650344016394,4529,HTTP Request,200,OK,Thread Group 3-20,text,true,,37675170,47,47,http://localhost:50001/calculationsStored,4488,0,0,,4488,4406,4599
1650344016536,4569,HTTP Request,200,OK,Thread Group 3-50,text,true,,37675170,47,47,http://localhost:50001/calculationsStored,4505,0,0,,4505,4319,3772
1650344017405,3849,HTTP Request,200,OK,Thread Group 3-44,text,true,,37675170,47,47,http://localhost:50001/calculationsStored,3734,0,1,,3734,3826,3734
1650344016733,4522,HTTP Request,200,OK,Thread Group 3-15,text,true,,37675170,47,47,http://localhost:50001/calculationsStored,4418,0,0,,4418,4387,4609
1650344016586,4802,HTTP Request,200,OK,Thread Group 3-18,text,true,,37675170,47,47,http://localhost:50001/calculationsStored,4759,0,3,,4759,4891,4563
1650344016254,5241,HTTP Request,200,OK,Thread Group 3-35,text,true,,37675170,47,47,http://localhost:50001/calculationsStored,5161,0,0,,5161,4345,4326
1650344017406,4109,HTTP Request,200,OK,Thread Group 3-17,text,true,,37675170,47,47,http://localhost:50001/calculationsStored,4041,0,0,,4041,3481,3953
1650344016956,4802,HTTP Request,200,OK,Thread Group 3-11,text,true,,37675170,47,47,http://localhost:50001/calculationsStored,4717,0,1,,4717,4413,4250
1650344017294,4523,HTTP Request,200,OK,Thread Group 3-24,text,true,,37675170,47,47,http://localhost:50001/calculationsStored,4399,0,0,,4399,4929,4051
1650344017618,4204,HTTP Request,200,OK,Thread Group 3-45,text,true,,37675170,47,47,http://localhost:50001/calculationsStored,4089,0,0,,4089,3881,5060
1650344016450,5494,HTTP Request,200,OK,Thread Group 3-26,text,true,,37675170,47,47,http://localhost:50001/calculationsStored,5446,0,0,,5446,4341,3999
1650344016893,5175,HTTP Request,200,OK,Thread Group 3-43,text,true,,37675170,47,47,http://localhost:50001/calculationsStored,5106,0,51,,5106,3960,4279
1650344017496,4665,HTTP Request,200,OK,Thread Group 3-1,text,true,,37675170,47,47,http://localhost:50001/calculationsStored,4589,0,1,,4589,3955,3945
1650344018138,4050,HTTP Request,200,OK,Thread Group 3-22,text,true,,37675170,47,47,http://localhost:50001/calculationsStored,3937,0,0,,3937,4328,4010
1650344017682,4512,HTTP Request,200,OK,Thread Group 3-19,text,true,,37675170,47,47,http://localhost:50001/calculationsStored,4365,0,0,,4365,4459,3928
1650344017482,4867,HTTP Request,200,OK,Thread Group 3-8,text,true,,37675170,47,47,http://localhost:50001/calculationsStored,4788,0,0,,4788,4424,4516
1650344017940,4430,HTTP Request,200,OK,Thread Group 3-39,text,true,,37675170,47,47,http://localhost:50001/calculationsStored,4384,0,0,,4384,4305,4634
1650344018359,4153,HTTP Request,200,OK,Thread Group 3-36,text,true,,37675170,47,47,http://localhost:50001/calculationsStored,4097,0,0,,4097,4284,3800
1650344017973,4678,HTTP Request,200,OK,Thread Group 3-28,text,true,,37675170,47,47,http://localhost:50001/calculationsStored,4558,0,0,,4558,4036,4495
1650344019778,2891,HTTP Request,200,OK,Thread Group 3-34,text,true,,37675170,47,47,http://localhost:50001/calculationsStored,2806,0,1,,2806,4164,4490
1650344017897,4904,HTTP Request,200,OK,Thread Group 3-38,text,true,,37675170,47,47,http://localhost:50001/calculationsStored,4871,0,0,,4871,3964,4437
1650344018273,4816,HTTP Request,200,OK,Thread Group 3-5,text,true,,37675170,47,47,http://localhost:50001/calculationsStored,4710,0,0,,4710,4553,4451
1650344018442,4674,HTTP Request,200,OK,Thread Group 3-25,text,true,,37675170,47,47,http://localhost:50001/calculationsStored,4530,0,0,,4530,4058,4766
1650344019913,3212,HTTP Request,200,OK,Thread Group 3-12,text,true,,37675170,47,47,http://localhost:50001/calculationsStored,3126,0,1,,3126,4558,4052
1650344019195,4129,HTTP Request,200,OK,Thread Group 3-9,text,true,,37675170,47,47,http://localhost:50001/calculationsStored,4058,0,6,,4058,4603,4306
1650344018719,4670,HTTP Request,200,OK,Thread Group 3-47,text,true,,37675170,47,47,http://localhost:50001/calculationsStored,4638,0,0,,4638,4293,4713
1650344018898,4557,HTTP Request,200,OK,Thread Group 3-32,text,true,,37675170,47,47,http://localhost:50001/calculationsStored,4509,0,0,,4509,4181,4709
1650344020167,3378,HTTP Request,200,OK,Thread Group 3-23,text,true,,37675170,47,47,http://localhost:50001/calculationsStored,3337,0,0,,3337,4047,4170
1650344018730,5026,HTTP Request,200,OK,Thread Group 3-46,text,true,,37675170,47,47,http://localhost:50001/calculationsStored,4911,0,0,,4911,4339,3712
1650344018647,5153,HTTP Request,200,OK,Thread Group 3-16,text,true,,37675170,47,47,http://localhost:50001/calculationsStored,5035,0,3,,5035,3944,4350
1650344017986,5815,HTTP Request,200,OK,Thread Group 3-40,text,true,,37675170,47,47,http://localhost:50001/calculationsStored,5708,0,0,,5708,4404,3818
1650344018772,5052,HTTP Request,200,OK,Thread Group 3-3,text,true,,37675170,47,47,http://localhost:50001/calculationsStored,4863,0,0,,4863,4003,4602
1650344019205,4739,HTTP Request,200,OK,Thread Group 3-29,text,true,,37675170,47,47,http://localhost:50001/calculationsStored,4673,0,0,,4673,3964,3840
1650344019451,4555,HTTP Request,200,OK,Thread Group 3-42,text,true,,37675170,47,47,http://localhost:50001/calculationsStored,4480,0,0,,4480,3765,4368
1650344019667,4446,HTTP Request,200,OK,Thread Group 3-41,text,true,,37675170,47,47,http://localhost:50001/calculationsStored,4406,0,0,,4406,4176,4534
1650344019514,4742,HTTP Request,200,OK,Thread Group 3-48,text,true,,37675170,47,47,http://localhost:50001/calculationsStored,4688,0,0,,4688,5046,3911
1650344020633,3760,HTTP Request,200,OK,Thread Group 3-13,text,true,,37675170,47,47,http://localhost:50001/calculationsStored,3725,0,0,,3725,4710,4793
1650344020872,3567,HTTP Request,200,OK,Thread Group 3-49,text,true,,37675170,47,47,http://localhost:50001/calculationsStored,3494,0,0,,3494,4973,4235
1650344020079,4411,HTTP Request,200,OK,Thread Group 3-14,text,true,,37675170,47,47,http://localhost:50001/calculationsStored,4379,0,0,,4379,3772,3997
1650344020313,4374,HTTP Request,200,OK,Thread Group 3-7,text,true,,37675170,47,47,http://localhost:50001/calculationsStored,4288,0,0,,4288,4539,4561
1650344019083,5621,HTTP Request,200,OK,Thread Group 3-21,text,true,,37675170,47,47,http://localhost:50001/calculationsStored,5503,0,1,,5503,4205,4565
1650344019331,5373,HTTP Request,200,OK,Thread Group 3-2,text,true,,37675170,47,47,http://localhost:50001/calculationsStored,5271,0,0,,5271,4170,4112
1650344020036,4752,HTTP Request,200,OK,Thread Group 3-4,text,true,,37675170,47,47,http://localhost:50001/calculationsStored,4692,0,0,,4692,5208,3814
1650344020498,4430,HTTP Request,200,OK,Thread Group 3-30,text,true,,37675170,47,47,http://localhost:50001/calculationsStored,4371,0,0,,4371,4189,4102
1650344020297,4748,HTTP Request,200,OK,Thread Group 3-10,text,true,,37675170,47,47,http://localhost:50001/calculationsStored,4668,0,0,,4668,3707,4552
1650344021023,4024,HTTP Request,200,OK,Thread Group 3-20,text,true,,37675170,47,47,http://localhost:50001/calculationsStored,3939,0,1,,3939,4279,4589
1650344020747,4387,HTTP Request,200,OK,Thread Group 3-37,text,true,,37675170,47,47,http://localhost:50001/calculationsStored,4325,0,2,,4325,4169,5061
1650344020793,4485,HTTP Request,200,OK,Thread Group 3-27,text,true,,37675170,47,47,http://localhost:50001/calculationsStored,4371,0,0,,4371,3893,4526
1650344021209,4113,HTTP Request,200,OK,Thread Group 3-50,text,true,,37675170,47,47,http://localhost:50001/calculationsStored,4075,0,9,,4075,4340,4720
1650344021365,4169,HTTP Request,200,OK,Thread Group 3-44,text,true,,37675170,47,47,http://localhost:50001/calculationsStored,4092,0,6,,4092,4109,4694
1650344021858,3676,HTTP Request,200,OK,Thread Group 3-11,text,true,,37675170,47,47,http://localhost:50001/calculationsStored,3593,0,0,,3593,3725,4489
1650344021614,4269,HTTP Request,200,OK,Thread Group 3-17,text,true,,37675170,47,47,http://localhost:50001/calculationsStored,4169,0,1,,4169,4665,4353
1650344021594,4344,HTTP Request,200,OK,Thread Group 3-35,text,true,,37675170,47,47,http://localhost:50001/calculationsStored,4143,0,1,,4143,4723,4817
1650344021497,4462,HTTP Request,200,OK,Thread Group 3-18,text,true,,37675170,47,47,http://localhost:50001/calculationsStored,4312,0,1,,4312,3835,4280
1650344021364,4616,HTTP Request,200,OK,Thread Group 3-15,text,true,,37675170,47,47,http://localhost:50001/calculationsStored,4511,0,0,,4511,4361,4698
1650344022047,4023,HTTP Request,200,OK,Thread Group 3-26,text,true,,37675170,47,47,http://localhost:50001/calculationsStored,3967,0,0,,3967,4364,4086
1650344022175,4071,HTTP Request,200,OK,Thread Group 3-43,text,true,,37675170,47,47,http://localhost:50001/calculationsStored,3990,0,1,,3990,4466,4408
1650344021926,4338,HTTP Request,200,OK,Thread Group 3-24,text,true,,37675170,47,47,http://localhost:50001/calculationsStored,4266,0,0,,4266,5056,4888
1650344021926,4552,HTTP Request,200,OK,Thread Group 3-45,text,true,,37675170,47,47,http://localhost:50001/calculationsStored,4494,0,0,,4494,4543,5054
1650344022477,4177,HTTP Request,200,OK,Thread Group 3-39,text,true,,37675170,47,47,http://localhost:50001/calculationsStored,4117,0,0,,4117,4004,4600
1650344022260,4404,HTTP Request,200,OK,Thread Group 3-1,text,true,,37675170,47,47,http://localhost:50001/calculationsStored,4283,0,0,,4283,4259,3826
1650344022615,4165,HTTP Request,200,OK,Thread Group 3-36,text,true,,37675170,47,47,http://localhost:50001/calculationsStored,4111,0,0,,4111,4468,4198
1650344022449,4519,HTTP Request,200,OK,Thread Group 3-8,text,true,,37675170,47,47,http://localhost:50001/calculationsStored,4419,0,0,,4419,4041,4042
1650344022769,4230,HTTP Request,200,OK,Thread Group 3-34,text,true,,37675170,47,47,http://localhost:50001/calculationsStored,4099,0,0,,4099,4913,4937
1650344022287,4774,HTTP Request,200,OK,Thread Group 3-22,text,true,,37675170,47,47,http://localhost:50001/calculationsStored,4625,0,1,,4625,4708,4560
1650344022753,4308,HTTP Request,200,OK,Thread Group 3-28,text,true,,37675170,47,47,http://localhost:50001/calculationsStored,4236,0,1,,4236,4648,4772
1650344022298,4816,HTTP Request,200,OK,Thread Group 3-19,text,true,,37675170,47,47,http://localhost:50001/calculationsStored,4767,0,0,,4767,3902,3965
1650344022907,4443,HTTP Request,200,OK,Thread Group 3-38,text,true,,37675170,47,47,http://localhost:50001/calculationsStored,4359,0,0,,4359,4046,4232
1650344023856,3496,HTTP Request,200,OK,Thread Group 3-46,text,true,,37675170,47,47,http://localhost:50001/calculationsStored,3411,0,0,,3411,4651,4559
1650344023935,3821,HTTP Request,200,OK,Thread Group 3-3,text,true,,37675170,47,47,http://localhost:50001/calculationsStored,3728,0,0,,3728,3865,4144
1650344023491,4287,HTTP Request,200,OK,Thread Group 3-47,text,true,,37675170,47,47,http://localhost:50001/calculationsStored,4210,0,0,,4210,4460,5103
1650344023423,4616,HTTP Request,200,OK,Thread Group 3-9,text,true,,37675170,47,47,http://localhost:50001/calculationsStored,4473,0,0,,4473,4380,3986
1650344023659,4382,HTTP Request,200,OK,Thread Group 3-23,text,true,,37675170,47,47,http://localhost:50001/calculationsStored,4227,0,1,,4227,3419,4289
1650344023237,4812,HTTP Request,200,OK,Thread Group 3-12,text,true,,37675170,47,47,http://localhost:50001/calculationsStored,4644,0,0,,4644,4337,4081
1650344023913,4208,HTTP Request,200,OK,Thread Group 3-40,text,true,,37675170,47,47,http://localhost:50001/calculationsStored,4146,0,0,,4146,4281,3839
1650344023201,5103,HTTP Request,200,OK,Thread Group 3-5,text,true,,37675170,47,47,http://localhost:50001/calculationsStored,5047,0,0,,5047,3973,4776
1650344024375,4006,HTTP Request,200,OK,Thread Group 3-48,text,true,,37675170,47,47,http://localhost:50001/calculationsStored,3941,0,1,,3941,4493,4463
1650344024067,4334,HTTP Request,200,OK,Thread Group 3-29,text,true,,37675170,47,47,http://localhost:50001/calculationsStored,4247,0,1,,4247,4089,4593
1650344023215,5338,HTTP Request,200,OK,Thread Group 3-25,text,true,,37675170,47,47,http://localhost:50001/calculationsStored,5251,0,0,,5251,5195,3838
1650344024788,3767,HTTP Request,200,OK,Thread Group 3-7,text,true,,37675170,47,47,http://localhost:50001/calculationsStored,3666,0,0,,3666,4504,4603
1650344024109,4535,HTTP Request,200,OK,Thread Group 3-42,text,true,,37675170,47,47,http://localhost:50001/calculationsStored,4484,0,1,,4484,4498,3881
1650344023915,4806,HTTP Request,200,OK,Thread Group 3-16,text,true,,37675170,47,47,http://localhost:50001/calculationsStored,4748,0,20,,4748,4086,4392
1650344023566,5441,HTTP Request,200,OK,Thread Group 3-32,text,true,,37675170,47,47,http://localhost:50001/calculationsStored,5349,0,0,,5349,4340,4595
1650344024805,4204,HTTP Request,200,OK,Thread Group 3-21,text,true,,37675170,47,47,http://localhost:50001/calculationsStored,4111,0,0,,4111,4276,4317
1650344024539,4577,HTTP Request,200,OK,Thread Group 3-49,text,true,,37675170,47,47,http://localhost:50001/calculationsStored,4513,0,1,,4513,4359,4612
1650344025149,4254,HTTP Request,200,OK,Thread Group 3-20,text,true,,37675170,47,47,http://localhost:50001/calculationsStored,4151,0,0,,4151,4526,3570
1650344024214,5204,HTTP Request,200,OK,Thread Group 3-41,text,true,,37675170,47,47,http://localhost:50001/calculationsStored,5093,0,0,,5093,4094,4037
1650344024889,4545,HTTP Request,200,OK,Thread Group 3-4,text,true,,37675170,47,47,http://localhost:50001/calculationsStored,4467,0,0,,4467,4238,4449
1650344024495,5035,HTTP Request,200,OK,Thread Group 3-13,text,true,,37675170,47,47,http://localhost:50001/calculationsStored,4985,0,8,,4985,4436,4319
1650344024590,5229,HTTP Request,200,OK,Thread Group 3-14,text,true,,37675170,47,47,http://localhost:50001/calculationsStored,5085,0,0,,5085,4438,4790
1650344025635,4205,HTTP Request,200,OK,Thread Group 3-11,text,true,,37675170,47,47,http://localhost:50001/calculationsStored,4122,0,0,,4122,4231,4355
1650344025378,4478,HTTP Request,200,OK,Thread Group 3-27,text,true,,37675170,47,47,http://localhost:50001/calculationsStored,4339,0,0,,4339,3918,4377
1650344024819,5047,HTTP Request,200,OK,Thread Group 3-2,text,true,,37675170,47,47,http://localhost:50001/calculationsStored,4915,0,0,,4915,5021,4194
1650344026579,3460,HTTP Request,200,OK,Thread Group 3-45,text,true,,37675170,47,47,http://localhost:50001/calculationsStored,3368,0,0,,3368,3917,3842
1650344025635,4411,HTTP Request,200,OK,Thread Group 3-44,text,true,,37675170,47,47,http://localhost:50001/calculationsStored,4356,0,0,,4356,3714,4514
1650344025149,5083,HTTP Request,200,OK,Thread Group 3-10,text,true,,37675170,47,47,http://localhost:50001/calculationsStored,5018,0,0,,5018,4478,4303
1650344026346,4011,HTTP Request,200,OK,Thread Group 3-43,text,true,,37675170,47,47,http://localhost:50001/calculationsStored,3900,0,0,,3900,4870,5514
1650344025029,5335,HTTP Request,200,OK,Thread Group 3-30,text,true,,37675170,47,47,http://localhost:50001/calculationsStored,5216,0,1,,5216,3801,4143
1650344025428,5022,HTTP Request,200,OK,Thread Group 3-50,text,true,,37675170,47,47,http://localhost:50001/calculationsStored,4979,0,0,,4979,4361,3859
1650344026061,4514,HTTP Request,200,OK,Thread Group 3-18,text,true,,37675170,47,47,http://localhost:50001/calculationsStored,4433,0,0,,4433,4890,3909
1650344026172,4407,HTTP Request,200,OK,Thread Group 3-26,text,true,,37675170,47,47,http://localhost:50001/calculationsStored,4324,0,0,,4324,5255,4429
1650344026371,4330,HTTP Request,200,OK,Thread Group 3-24,text,true,,37675170,47,47,http://localhost:50001/calculationsStored,4283,0,0,,4283,3662,5064
1650344025258,5542,HTTP Request,200,OK,Thread Group 3-37,text,true,,37675170,47,47,http://localhost:50001/calculationsStored,5490,0,1,,5490,3648,4136
1650344026890,4020,HTTP Request,200,OK,Thread Group 3-36,text,true,,37675170,47,47,http://localhost:50001/calculationsStored,3965,0,3,,3965,3434,4062
1650344025986,4984,HTTP Request,200,OK,Thread Group 3-17,text,true,,37675170,47,47,http://localhost:50001/calculationsStored,4913,0,1,,4913,4179,4459
1650344027100,4077,HTTP Request,200,OK,Thread Group 3-34,text,true,,37675170,47,47,http://localhost:50001/calculationsStored,4022,0,0,,4022,3767,4776
1650344026039,5154,HTTP Request,200,OK,Thread Group 3-35,text,true,,37675170,47,47,http://localhost:50001/calculationsStored,5041,0,0,,5041,4326,4864
1650344026755,4446,HTTP Request,200,OK,Thread Group 3-39,text,true,,37675170,47,47,http://localhost:50001/calculationsStored,4282,0,0,,4282,5360,4827
1650344026080,5198,HTTP Request,200,OK,Thread Group 3-15,text,true,,37675170,47,47,http://localhost:50001/calculationsStored,5135,0,0,,5135,5300,3736
1650344027165,4357,HTTP Request,200,OK,Thread Group 3-22,text,true,,37675170,47,47,http://localhost:50001/calculationsStored,4293,0,0,,4293,3909,4337
1650344027165,4401,HTTP Request,200,OK,Thread Group 3-28,text,true,,37675170,47,47,http://localhost:50001/calculationsStored,4320,0,0,,4320,5134,4289
1650344026770,4910,HTTP Request,200,OK,Thread Group 3-1,text,true,,37675170,47,47,http://localhost:50001/calculationsStored,4849,0,0,,4849,5709,3891
1650344027068,4720,HTTP Request,200,OK,Thread Group 3-8,text,true,,37675170,47,47,http://localhost:50001/calculationsStored,4637,0,1,,4637,3773,4156
1650344027453,4587,HTTP Request,200,OK,Thread Group 3-46,text,true,,37675170,47,47,http://localhost:50001/calculationsStored,4439,0,0,,4439,4255,4714
1650344027218,4849,HTTP Request,200,OK,Thread Group 3-19,text,true,,37675170,47,47,http://localhost:50001/calculationsStored,4763,0,1,,4763,5187,4940
1650344027878,4218,HTTP Request,200,OK,Thread Group 3-47,text,true,,37675170,47,47,http://localhost:50001/calculationsStored,4080,0,0,,4080,4802,4701
1650344028653,3705,HTTP Request,200,OK,Thread Group 3-25,text,true,,37675170,47,47,http://localhost:50001/calculationsStored,3655,0,0,,3655,3853,5241
1650344029119,3355,HTTP Request,200,OK,Thread Group 3-21,text,true,,37675170,47,47,http://localhost:50001/calculationsStored,3287,0,1,,3287,5487,4591
1650344027451,5023,HTTP Request,200,OK,Thread Group 3-38,text,true,,37675170,47,47,http://localhost:50001/calculationsStored,4941,0,1,,4941,3941,4269
1650344028151,4520,HTTP Request,200,OK,Thread Group 3-12,text,true,,37675170,47,47,http://localhost:50001/calculationsStored,4433,0,0,,4433,4790,3800
1650344027865,4825,HTTP Request,200,OK,Thread Group 3-3,text,true,,37675170,47,47,http://localhost:50001/calculationsStored,4750,0,0,,4750,3578,4888
1650344028141,4650,HTTP Request,200,OK,Thread Group 3-23,text,true,,37675170,47,47,http://localhost:50001/calculationsStored,4570,0,1,,4570,5147,3933
1650344029224,3586,HTTP Request,200,OK,Thread Group 3-49,text,true,,37675170,47,47,http://localhost:50001/calculationsStored,3491,0,1,,3491,4481,4761
1650344028140,4800,HTTP Request,200,OK,Thread Group 3-9,text,true,,37675170,47,47,http://localhost:50001/calculationsStored,4717,0,0,,4717,5160,4250
1650344028406,4702,HTTP Request,200,OK,Thread Group 3-5,text,true,,37675170,47,47,http://localhost:50001/calculationsStored,4663,0,1,,4663,5395,4505
1650344029520,3726,HTTP Request,200,OK,Thread Group 3-41,text,true,,37675170,47,47,http://localhost:50001/calculationsStored,3659,0,1,,3659,5086,4859
1650344028749,4743,HTTP Request,200,OK,Thread Group 3-42,text,true,,37675170,47,47,http://localhost:50001/calculationsStored,4602,0,0,,4602,4831,4412
1650344029116,4404,HTTP Request,200,OK,Thread Group 3-32,text,true,,37675170,47,47,http://localhost:50001/calculationsStored,4307,0,1,,4307,4650,4982
1650344028655,4898,HTTP Request,200,OK,Thread Group 3-7,text,true,,37675170,47,47,http://localhost:50001/calculationsStored,4757,0,1,,4757,4749,5074
1650344028221,5512,HTTP Request,200,OK,Thread Group 3-40,text,true,,37675170,47,47,http://localhost:50001/calculationsStored,5455,0,1,,5455,4843,3872
1650344029508,4387,HTTP Request,200,OK,Thread Group 3-20,text,true,,37675170,47,47,http://localhost:50001/calculationsStored,4312,0,0,,4312,4472,4431
1650344029537,4362,HTTP Request,200,OK,Thread Group 3-4,text,true,,37675170,47,47,http://localhost:50001/calculationsStored,4292,0,1,,4292,5363,4290
1650344029638,4389,HTTP Request,200,OK,Thread Group 3-13,text,true,,37675170,47,47,http://localhost:50001/calculationsStored,4354,0,0,,4354,4534,5456
1650344029940,4227,HTTP Request,200,OK,Thread Group 3-11,text,true,,37675170,47,47,http://localhost:50001/calculationsStored,4166,0,0,,4166,2634,4452
1650344030141,4107,HTTP Request,200,OK,Thread Group 3-45,text,true,,37675170,47,47,http://localhost:50001/calculationsStored,4072,0,0,,4072,4525,5004
1650344028515,5813,HTTP Request,200,OK,Thread Group 3-29,text,true,,37675170,47,47,http://localhost:50001/calculationsStored,5745,0,1,,5745,2487,4947
1650344028823,5629,HTTP Request,200,OK,Thread Group 3-16,text,true,,37675170,47,47,http://localhost:50001/calculationsStored,5567,0,0,,5567,5025,4235
1650344030146,4340,HTTP Request,200,OK,Thread Group 3-44,text,true,,37675170,47,47,http://localhost:50001/calculationsStored,4230,0,0,,4230,4930,4555
1650344029975,4614,HTTP Request,200,OK,Thread Group 3-2,text,true,,37675170,47,47,http://localhost:50001/calculationsStored,4555,0,0,,4555,3605,4530
1650344030683,3948,HTTP Request,200,OK,Thread Group 3-18,text,true,,37675170,47,47,http://localhost:50001/calculationsStored,3852,0,0,,3852,4388,4473
1650344030683,4087,HTTP Request,200,OK,Thread Group 3-26,text,true,,37675170,47,47,http://localhost:50001/calculationsStored,4033,0,2,,4033,5597,3903
1650344029969,4951,HTTP Request,200,OK,Thread Group 3-27,text,true,,37675170,47,47,http://localhost:50001/calculationsStored,4888,0,1,,4888,5979,5192
1650344028485,6465,HTTP Request,200,OK,Thread Group 3-48,text,true,,37675170,47,47,http://localhost:50001/calculationsStored,6403,0,0,,6403,4761,4357
1650344030358,4701,HTTP Request,200,OK,Thread Group 3-10,text,true,,37675170,47,47,http://localhost:50001/calculationsStored,4622,0,0,,4622,4135,5025
1650344031011,4095,HTTP Request,200,OK,Thread Group 3-36,text,true,,37675170,47,47,http://localhost:50001/calculationsStored,4051,0,0,,4051,5568,4096
1650344030465,4798,HTTP Request,200,OK,Thread Group 3-43,text,true,,37675170,47,47,http://localhost:50001/calculationsStored,4727,0,0,,4727,4575,4223
1650344031379,3963,HTTP Request,200,OK,Thread Group 3-15,text,true,,37675170,47,47,http://localhost:50001/calculationsStored,3899,0,1,,3899,6225,4075
1650344029919,5549,HTTP Request,200,OK,Thread Group 3-14,text,true,,37675170,47,47,http://localhost:50001/calculationsStored,5485,0,0,,5485,6055,3885
1650344030476,5310,HTTP Request,200,OK,Thread Group 3-30,text,true,,37675170,47,47,http://localhost:50001/calculationsStored,5159,0,0,,5159,5137,3887
1650344030562,5237,HTTP Request,200,OK,Thread Group 3-50,text,true,,37675170,47,47,http://localhost:50001/calculationsStored,5126,0,2,,5126,6619,4058
1650344031278,4523,HTTP Request,200,OK,Thread Group 3-34,text,true,,37675170,47,47,http://localhost:50001/calculationsStored,4357,0,1,,4357,5411,5081
1650344030808,5078,HTTP Request,200,OK,Thread Group 3-24,text,true,,37675170,47,47,http://localhost:50001/calculationsStored,5013,0,1,,5013,5717,5253
1650344032464,3656,HTTP Request,200,OK,Thread Group 3-25,text,true,,37675170,47,47,http://localhost:50001/calculationsStored,3582,0,0,,3582,5688,4952
1650344031296,4862,HTTP Request,200,OK,Thread Group 3-35,text,true,,37675170,47,47,http://localhost:50001/calculationsStored,4818,0,0,,4818,4842,5731
1650344031071,5225,HTTP Request,200,OK,Thread Group 3-17,text,true,,37675170,47,47,http://localhost:50001/calculationsStored,5140,0,1,,5140,4189,4141
1650344031889,4564,HTTP Request,200,OK,Thread Group 3-8,text,true,,37675170,47,47,http://localhost:50001/calculationsStored,4483,0,1,,4483,4750,4761
1650344032167,4312,HTTP Request,200,OK,Thread Group 3-46,text,true,,37675170,47,47,http://localhost:50001/calculationsStored,4230,0,1,,4230,3411,4501
1650344030904,5739,HTTP Request,200,OK,Thread Group 3-37,text,true,,37675170,47,47,http://localhost:50001/calculationsStored,5637,0,0,,5637,6314,4150
1650344032575,4071,HTTP Request,200,OK,Thread Group 3-21,text,true,,37675170,47,47,http://localhost:50001/calculationsStored,3965,0,0,,3965,5020,5000
1650344032168,4509,HTTP Request,200,OK,Thread Group 3-19,text,true,,37675170,47,47,http://localhost:50001/calculationsStored,4376,0,0,,4376,4734,4878
1650344031303,5380,HTTP Request,200,OK,Thread Group 3-39,text,true,,37675170,47,47,http://localhost:50001/calculationsStored,5247,0,0,,5247,4435,4777
1650344031668,5221,HTTP Request,200,OK,Thread Group 3-28,text,true,,37675170,47,47,http://localhost:50001/calculationsStored,5119,0,0,,5119,4359,4871
1650344032907,3982,HTTP Request,200,OK,Thread Group 3-23,text,true,,37675170,47,47,http://localhost:50001/calculationsStored,3868,0,3,,3868,4546,3547
1650344032198,4704,HTTP Request,200,OK,Thread Group 3-47,text,true,,37675170,47,47,http://localhost:50001/calculationsStored,4599,0,0,,4599,3798,4737
1650344031636,5398,HTTP Request,200,OK,Thread Group 3-22,text,true,,37675170,47,47,http://localhost:50001/calculationsStored,5339,0,0,,5339,3397,4421
1650344031784,5473,HTTP Request,200,OK,Thread Group 3-1,text,true,,37675170,47,47,http://localhost:50001/calculationsStored,5389,0,0,,5389,5508,3813
1650344033997,3295,HTTP Request,200,OK,Thread Group 3-20,text,true,,37675170,47,47,http://localhost:50001/calculationsStored,3220,0,1,,3220,5600,4084
1650344032792,4544,HTTP Request,200,OK,Thread Group 3-3,text,true,,37675170,45,45,http://localhost:50001/calculationsStored,4489,0,0,,4489,5604,3698
1650344032913,4461,HTTP Request,200,OK,Thread Group 3-49,text,true,,37675170,44,44,http://localhost:50001/calculationsStored,4397,0,0,,4397,4569,4944
1650344033211,4318,HTTP Request,200,OK,Thread Group 3-5,text,true,,37675170,43,43,http://localhost:50001/calculationsStored,4243,0,0,,4243,4551,5063
1650344034271,3367,HTTP Request,200,OK,Thread Group 3-11,text,true,,37675170,42,42,http://localhost:50001/calculationsStored,3312,0,0,,3312,4417,4631
1650344033835,3860,HTTP Request,200,OK,Thread Group 3-40,text,true,,37675170,41,41,http://localhost:50001/calculationsStored,3804,0,0,,3804,4423,4502
1650344032575,5240,HTTP Request,200,OK,Thread Group 3-38,text,true,,37675170,40,40,http://localhost:50001/calculationsStored,5170,0,0,,5170,4241,4768
1650344033654,4257,HTTP Request,200,OK,Thread Group 3-7,text,true,,37675170,39,39,http://localhost:50001/calculationsStored,4151,0,0,,4151,5457,4223
1650344034564,3412,HTTP Request,200,OK,Thread Group 3-16,text,true,,37675170,38,38,http://localhost:50001/calculationsStored,3274,0,0,,3274,4695,4880
1650344032780,5203,HTTP Request,200,OK,Thread Group 3-12,text,true,,37675170,38,38,http://localhost:50001/calculationsStored,5107,0,0,,5107,4181,4427
1650344034129,4011,HTTP Request,200,OK,Thread Group 3-13,text,true,,37675170,36,36,http://localhost:50001/calculationsStored,3898,0,0,,3898,4229,4382
1650344033052,5101,HTTP Request,200,OK,Thread Group 3-9,text,true,,37675170,35,35,http://localhost:50001/calculationsStored,5044,0,0,,5044,3497,4210
1650344034350,4054,HTTP Request,200,OK,Thread Group 3-45,text,true,,37675170,34,34,http://localhost:50001/calculationsStored,3951,0,0,,3951,4844,4475
1650344033593,4883,HTTP Request,200,OK,Thread Group 3-42,text,true,,37675170,33,33,http://localhost:50001/calculationsStored,4753,0,0,,4753,3235,4272
1650344033622,4863,HTTP Request,200,OK,Thread Group 3-32,text,true,,37675170,32,32,http://localhost:50001/calculationsStored,4789,0,0,,4789,3608,4600
1650344034430,4175,HTTP Request,200,OK,Thread Group 3-29,text,true,,37675170,31,31,http://localhost:50001/calculationsStored,4105,0,1,,4105,4309,4226
1650344034739,4117,HTTP Request,200,OK,Thread Group 3-18,text,true,,37675170,30,30,http://localhost:50001/calculationsStored,4035,0,0,,4035,3268,3915
1650344033349,5524,HTTP Request,200,OK,Thread Group 3-41,text,true,,37675170,29,29,http://localhost:50001/calculationsStored,5430,0,0,,5430,4265,5182
1650344034002,4969,HTTP Request,200,OK,Thread Group 3-4,text,true,,37675170,28,28,http://localhost:50001/calculationsStored,4929,0,0,,4929,3247,4294
1650344035170,3964,HTTP Request,200,OK,Thread Group 3-10,text,true,,37675170,27,27,http://localhost:50001/calculationsStored,3914,0,0,,3914,3705,3962
1650344034871,4371,HTTP Request,200,OK,Thread Group 3-26,text,true,,37675170,26,26,http://localhost:50001/calculationsStored,4322,0,0,,4322,4307,4588
1650344034690,4671,HTTP Request,200,OK,Thread Group 3-2,text,true,,37675170,25,25,http://localhost:50001/calculationsStored,4623,0,0,,4623,3809,3740
1650344035889,3545,HTTP Request,200,OK,Thread Group 3-30,text,true,,37675170,24,24,http://localhost:50001/calculationsStored,3497,0,1,,3497,2832,4378
1650344034593,4869,HTTP Request,200,OK,Thread Group 3-44,text,true,,37675170,23,23,http://localhost:50001/calculationsStored,4772,0,0,,4772,4716,4067
1650344035207,4391,HTTP Request,200,OK,Thread Group 3-36,text,true,,37675170,22,22,http://localhost:50001/calculationsStored,4269,0,0,,4269,3144,5026
1650344035898,3741,HTTP Request,200,OK,Thread Group 3-50,text,true,,37675170,21,21,http://localhost:50001/calculationsStored,3589,0,1,,3589,2476,4513
1650344035568,4081,HTTP Request,200,OK,Thread Group 3-14,text,true,,37675170,21,21,http://localhost:50001/calculationsStored,3973,0,0,,3973,2648,4719
1650344035021,4650,HTTP Request,200,OK,Thread Group 3-27,text,true,,37675170,19,19,http://localhost:50001/calculationsStored,4564,0,0,,4564,4077,3950
1650344035365,4430,HTTP Request,200,OK,Thread Group 3-43,text,true,,37675170,18,18,http://localhost:50001/calculationsStored,4380,0,0,,4380,3342,4463
1650344036753,3177,HTTP Request,200,OK,Thread Group 3-21,text,true,,37675170,17,17,http://localhost:50001/calculationsStored,3104,0,0,,3104,3496,4594
1650344035053,5011,HTTP Request,200,OK,Thread Group 3-48,text,true,,37675170,16,16,http://localhost:50001/calculationsStored,4951,0,0,,4951,3095,4270
1650344035989,4187,HTTP Request,200,OK,Thread Group 3-24,text,true,,37675170,15,15,http://localhost:50001/calculationsStored,4107,0,0,,4107,3519,4635
1650344035441,4746,HTTP Request,200,OK,Thread Group 3-15,text,true,,37675170,15,15,http://localhost:50001/calculationsStored,4645,0,0,,4645,3154,4442
1650344036552,3726,HTTP Request,200,OK,Thread Group 3-8,text,true,,37675170,13,13,http://localhost:50001/calculationsStored,3653,0,1,,3653,4532,3654
1650344036598,3881,HTTP Request,200,OK,Thread Group 3-46,text,true,,37675170,12,12,http://localhost:50001/calculationsStored,3838,0,0,,3838,3236,3821
1650344036229,4432,HTTP Request,200,OK,Thread Group 3-25,text,true,,37675170,11,11,http://localhost:50001/calculationsStored,4364,0,0,,4364,3404,4402
1650344035900,4775,HTTP Request,200,OK,Thread Group 3-34,text,true,,37675170,10,10,http://localhost:50001/calculationsStored,4582,0,1,,4582,3585,4447
1650344036753,3930,HTTP Request,200,OK,Thread Group 3-37,text,true,,37675170,10,10,http://localhost:50001/calculationsStored,3745,0,0,,3745,3479,3959
1650344036257,4430,HTTP Request,200,OK,Thread Group 3-35,text,true,,37675170,10,10,http://localhost:50001/calculationsStored,4247,0,1,,4247,3286,4858
1650344036397,4325,HTTP Request,200,OK,Thread Group 3-17,text,true,,37675170,7,7,http://localhost:50001/calculationsStored,4189,0,0,,4189,3715,3950
1650344037141,3710,HTTP Request,200,OK,Thread Group 3-22,text,true,,37675170,6,6,http://localhost:50001/calculationsStored,3665,0,1,,3665,3557,3926
1650344036776,4259,HTTP Request,200,OK,Thread Group 3-19,text,true,,37675170,5,5,http://localhost:50001/calculationsStored,4174,0,2,,4174,3449,4387
1650344036790,4255,HTTP Request,200,OK,Thread Group 3-39,text,true,,37675170,5,5,http://localhost:50001/calculationsStored,4152,0,0,,4152,3782,4497
1650344036994,4056,HTTP Request,200,OK,Thread Group 3-23,text,true,,37675170,5,5,http://localhost:50001/calculationsStored,3926,0,0,,3926,3749,4627
1650344037002,4062,HTTP Request,200,OK,Thread Group 3-47,text,true,,37675170,2,2,http://localhost:50001/calculationsStored,3912,0,0,,3912,3543,4251
1650344036994,4070,HTTP Request,200,OK,Thread Group 3-28,text,true,,37675170,2,2,http://localhost:50001/calculationsStored,3941,0,1,,3941,3732,4420
,,,,,,,,,,,,,,,,,,3595,4319
,,,,,,,,,,,,,,,,,,3697,4481
,,,,,,,,,,,,,,,,,,,4327
,,,,,,,,,,,,,,,,,,,4224
,,,,,,,,,,,,,,,,,,,4427
,,,,,,,,,,,,,,,,,,,4050
,,,,,,,,,,,,,,,,,,,3984
,,,,,,,,,,,,,,,,,,,4053
,,,,,,,,,,,,,,,,,,,4511
,,,,,,,,,,,,,,,,,,,4541
,,,,,,,,,,,,,,,,,,,4437
